{
"type": "FeatureCollection",
"name": "german_federal_states",
"crs": { "type": "name", "properties": { "name": "urn:ogc:def:crs:OGC:1.3:CRS84" } },
"xy_coordinate_resolution": 1e-06,
"features": [
{ "type": "Feature", "properties": { "state_id": 1, "name": "Schleswig-Holstein" }, "geometry": { "type": "MultiPolygon", "coordinates": [ [ [ [ 8.862276, 54.04509 ], [ 8.899283, 54.045427 ], [ 8.949801, 54.034186 ], [ 8.960371, 54.034276 ], [ 8.973431, 54.040677 ], [ 8.983742, 54.051547 ], [ 8.986147, 54.061452 ], [ 8.959614, 54.064825 ], [ 8.975306, 54.072146 ], [ 8.953742, 54.088141 ], [ 8.940034, 54.106896 ], [ 8.934328, 54.123023 ], [ 8.910189, 54.134495 ], [ 8.886419, 54.131586 ], [ 8.857602, 54.119639 ], [ 8.825068, 54.146294 ], [ 8.816585, 54.165086 ], [ 8.805519, 54.181156 ], [ 8.82072, 54.206466 ], [ 8.833712, 54.216476 ], [ 8.830377, 54.240709 ], [ 8.842982, 54.265093 ], [ 8.842533, 54.281266 ], [ 8.823595, 54.29277 ], [ 8.794684, 54.280808 ], [ 8.770733, 54.281471 ], [ 8.767835, 54.28953 ], [ 8.738507, 54.291931 ], [ 8.706711, 54.288007 ], [ 8.688752, 54.267147 ], [ 8.65669, 54.272195 ], [ 8.654236, 54.265877 ], [ 8.599521, 54.312004 ], [ 8.605564, 54.290502 ], [ 8.621874, 54.2799 ], [ 8.586861, 54.292986 ], [ 8.578178, 54.313557 ], [ 8.598187, 54.351534 ], [ 8.614044, 54.355307 ], [ 8.614403, 54.344526 ], [ 8.643894, 54.338562 ], [ 8.6491, 54.342214 ], [ 8.659575, 54.34772 ], [ 8.691355, 54.353453 ], [ 8.693594, 54.366958 ], [ 8.688096, 54.372292 ], [ 8.65882, 54.371079 ], [ 8.642307, 54.387077 ], [ 8.660585, 54.39896 ], [ 8.69785, 54.401155 ], [ 8.798844, 54.41296 ], [ 8.873661, 54.408271 ], [ 8.908017, 54.420261 ], [ 8.926339, 54.433902 ], [ 8.957769, 54.457536 ], [ 8.984466, 54.457758 ], [ 9.013426, 54.475067 ], [ 9.002612, 54.480372 ], [ 9.012997, 54.493037 ], [ 8.993614, 54.520741 ], [ 8.990874, 54.523414 ], [ 8.958923, 54.517759 ], [ 8.91463, 54.473343 ], [ 8.920159, 54.466201 ], [ 8.842899, 54.459214 ], [ 8.802515, 54.470514 ], [ 8.815482, 54.484119 ], [ 8.804433, 54.496595 ], [ 8.851982, 54.516816 ], [ 8.865127, 54.525025 ], [ 8.877984, 54.544015 ], [ 8.87229, 54.556545 ], [ 8.889643, 54.607928 ], [ 8.854486, 54.619292 ], [ 8.832127, 54.651438 ], [ 8.772636, 54.667043 ], [ 8.75339, 54.682131 ], [ 8.736123, 54.719704 ], [ 8.687477, 54.728189 ], [ 8.700656, 54.736416 ], [ 8.694193, 54.770501 ], [ 8.674752, 54.78917 ], [ 8.650325, 54.7952 ], [ 8.647128, 54.810444 ], [ 8.603004, 54.840517 ], [ 8.601526, 54.883642 ], [ 8.579948, 54.883399 ], [ 8.598675, 54.888104 ], [ 8.628137, 54.894722 ], [ 8.638389, 54.911012 ], [ 8.681576, 54.911474 ], [ 8.736174, 54.892264 ], [ 8.773946, 54.89264 ], [ 8.8113, 54.907381 ], [ 8.832892, 54.907584 ], [ 8.849391, 54.896952 ], [ 8.884347, 54.901762 ], [ 8.951791, 54.903244 ], [ 8.970842, 54.897111 ], [ 9.036158, 54.874265 ], [ 9.07939, 54.870996 ], [ 9.114428, 54.872147 ], [ 9.138643, 54.875012 ], [ 9.17119, 54.866245 ], [ 9.187476, 54.86096 ], [ 9.2416, 54.850516 ], [ 9.247123, 54.84336 ], [ 9.233901, 54.8298 ], [ 9.244943, 54.815488 ], [ 9.250428, 54.810129 ], [ 9.280033, 54.811202 ], [ 9.290961, 54.802278 ], [ 9.293544, 54.808583 ], [ 9.315086, 54.808703 ], [ 9.344836, 54.800775 ], [ 9.35002, 54.813383 ], [ 9.374161, 54.819797 ], [ 9.381956, 54.838708 ], [ 9.408825, 54.844229 ], [ 9.41437, 54.833472 ], [ 9.441388, 54.828203 ], [ 9.481696, 54.836465 ], [ 9.586267, 54.888078 ], [ 9.629517, 54.879227 ], [ 9.608145, 54.857594 ], [ 9.627091, 54.849564 ], [ 9.648701, 54.844235 ], [ 9.67571, 54.837119 ], [ 9.732386, 54.823774 ], [ 9.740473, 54.822892 ], [ 9.789072, 54.801416 ], [ 9.835012, 54.75925 ], [ 9.872694, 54.750308 ], [ 9.886087, 54.769192 ], [ 9.907608, 54.76921 ], [ 9.899491, 54.788075 ], [ 9.910238, 54.797069 ], [ 9.964102, 54.770137 ], [ 9.977564, 54.751269 ], [ 9.982953, 54.724311 ], [ 9.991017, 54.716225 ], [ 10.036665, 54.686565 ], [ 10.036646, 54.664998 ], [ 10.015177, 54.661408 ], [ 10.033957, 54.658709 ], [ 10.031256, 54.634447 ], [ 10.036608, 54.621864 ], [ 10.025876, 54.607489 ], [ 10.025869, 54.596706 ], [ 10.023173, 54.565255 ], [ 10.028515, 54.549079 ], [ 10.001756, 54.522123 ], [ 9.921594, 54.489748 ], [ 9.87621, 54.476232 ], [ 9.868217, 54.469934 ], [ 9.841489, 54.475294 ], [ 9.841537, 54.462714 ], [ 9.862947, 54.448361 ], [ 9.913659, 54.451103 ], [ 9.924317, 54.461893 ], [ 9.940338, 54.461902 ], [ 10.028465, 54.475392 ], [ 10.103277, 54.484339 ], [ 10.135337, 54.484308 ], [ 10.156676, 54.475296 ], [ 10.201992, 54.45636 ], [ 10.169858, 54.433044 ], [ 10.193743, 54.405152 ], [ 10.191006, 54.38988 ], [ 10.153595, 54.364771 ], [ 10.174831, 54.346771 ], [ 10.177528, 54.354854 ], [ 10.209679, 54.392546 ], [ 10.220437, 54.410499 ], [ 10.241804, 54.415851 ], [ 10.28183, 54.418462 ], [ 10.284553, 54.426544 ], [ 10.305936, 54.431884 ], [ 10.343322, 54.435381 ], [ 10.359286, 54.429944 ], [ 10.38861, 54.42716 ], [ 10.420461, 54.41088 ], [ 10.444376, 54.402709 ], [ 10.481538, 54.388192 ], [ 10.537406, 54.379875 ], [ 10.593175, 54.366141 ], [ 10.643498, 54.347018 ], [ 10.646007, 54.33712 ], [ 10.677717, 54.322572 ], [ 10.6776, 54.315383 ], [ 10.701349, 54.303568 ], [ 10.714695, 54.306188 ], [ 10.767897, 54.305869 ], [ 10.79999, 54.314652 ], [ 10.840389, 54.338648 ], [ 10.870106, 54.359111 ], [ 10.904867, 54.365153 ], [ 10.923814, 54.378493 ], [ 10.94798, 54.386398 ], [ 10.96116, 54.380006 ], [ 11.017141, 54.380457 ], [ 11.014322, 54.37419 ], [ 10.987636, 54.372608 ], [ 11.024847, 54.368711 ], [ 11.070296, 54.374617 ], [ 11.086753, 54.392448 ], [ 11.113552, 54.397602 ], [ 11.108028, 54.390462 ], [ 11.131992, 54.389346 ], [ 11.128911, 54.374096 ], [ 11.074926, 54.347616 ], [ 11.076402, 54.30177 ], [ 11.083608, 54.27205 ], [ 11.082907, 54.245095 ], [ 11.094984, 54.199155 ], [ 11.076342, 54.196623 ], [ 11.046686, 54.178006 ], [ 10.944981, 54.137489 ], [ 10.896485, 54.100107 ], [ 10.86968, 54.084124 ], [ 10.851286, 54.090543 ], [ 10.824752, 54.087129 ], [ 10.809049, 54.09622 ], [ 10.800885, 54.084591 ], [ 10.755369, 54.055223 ], [ 10.749759, 54.037285 ], [ 10.770409, 54.010198 ], [ 10.799138, 53.99294 ], [ 10.841381, 53.992658 ], [ 10.873063, 53.992436 ], [ 10.88598, 53.978864 ], [ 10.882907, 53.958217 ], [ 10.901354, 53.957184 ], [ 10.909054, 53.947242 ], [ 10.892925, 53.932982 ], [ 10.895351, 53.923079 ], [ 10.91386, 53.925638 ], [ 10.961061, 53.914494 ], [ 10.968822, 53.908142 ], [ 10.958365, 53.911819 ], [ 10.93439, 53.900321 ], [ 10.908008, 53.898722 ], [ 10.900316, 53.908664 ], [ 10.910972, 53.913977 ], [ 10.882229, 53.92587 ], [ 10.847365, 53.89646 ], [ 10.820953, 53.893045 ], [ 10.804909, 53.880571 ], [ 10.770563, 53.874501 ], [ 10.749118, 53.853066 ], [ 10.746121, 53.832416 ], [ 10.764321, 53.820621 ], [ 10.761514, 53.810754 ], [ 10.766576, 53.799938 ], [ 10.771636, 53.789123 ], [ 10.766218, 53.78017 ], [ 10.760383, 53.747855 ], [ 10.789174, 53.743179 ], [ 10.797031, 53.74223 ], [ 10.804819, 53.737686 ], [ 10.804615, 53.726903 ], [ 10.827894, 53.709673 ], [ 10.843594, 53.707768 ], [ 10.869707, 53.702193 ], [ 10.903852, 53.704641 ], [ 10.916827, 53.698254 ], [ 10.919468, 53.699132 ], [ 10.927196, 53.692783 ], [ 10.945246, 53.679165 ], [ 10.939727, 53.666626 ], [ 10.942167, 53.658519 ], [ 10.955244, 53.657519 ], [ 10.952403, 53.647656 ], [ 10.931021, 53.62805 ], [ 10.925669, 53.622699 ], [ 10.917295, 53.598498 ], [ 10.92481, 53.583164 ], [ 10.908892, 53.5725 ], [ 10.851202, 53.56393 ], [ 10.843592, 53.575665 ], [ 10.822678, 53.575808 ], [ 10.832538, 53.545187 ], [ 10.816657, 53.534511 ], [ 10.813755, 53.519253 ], [ 10.824094, 53.513791 ], [ 10.805871, 53.516609 ], [ 10.78482, 53.507761 ], [ 10.784787, 53.505963 ], [ 10.758304, 53.484564 ], [ 10.72163, 53.475801 ], [ 10.703416, 53.478603 ], [ 10.692604, 53.455301 ], [ 10.679612, 53.45807 ], [ 10.63525, 53.455614 ], [ 10.627258, 53.443973 ], [ 10.616444, 53.417069 ], [ 10.618984, 53.412563 ], [ 10.615954, 53.382923 ], [ 10.597648, 53.376724 ], [ 10.59227, 53.36417 ], [ 10.584429, 53.361512 ], [ 10.527287, 53.368963 ], [ 10.516923, 53.372602 ], [ 10.470205, 53.383576 ], [ 10.431318, 53.398997 ], [ 10.397579, 53.410794 ], [ 10.366465, 53.427067 ], [ 10.340383, 53.423549 ], [ 10.309186, 53.432619 ], [ 10.324943, 53.448753 ], [ 10.311929, 53.451483 ], [ 10.301439, 53.442523 ], [ 10.288498, 53.456034 ], [ 10.249533, 53.480382 ], [ 10.233969, 53.496588 ], [ 10.223522, 53.494811 ], [ 10.210594, 53.519097 ], [ 10.181846, 53.512853 ], [ 10.163596, 53.519169 ], [ 10.168889, 53.537134 ], [ 10.150627, 53.543448 ], [ 10.158521, 53.558714 ], [ 10.145475, 53.565021 ], [ 10.158621, 53.585673 ], [ 10.200462, 53.585611 ], [ 10.190122, 53.612586 ], [ 10.221635, 53.634099 ], [ 10.190234, 53.637747 ], [ 10.195554, 53.65571 ], [ 10.172027, 53.667428 ], [ 10.140627, 53.680049 ], [ 10.161649, 53.6944 ], [ 10.166963, 53.712365 ], [ 10.177447, 53.710553 ], [ 10.195902, 53.731193 ], [ 10.167062, 53.737526 ], [ 10.119751, 53.712421 ], [ 10.083049, 53.721437 ], [ 10.075158, 53.70976 ], [ 10.07253, 53.707066 ], [ 10.059406, 53.698986 ], [ 10.067268, 53.696286 ], [ 10.064618, 53.677417 ], [ 10.035795, 53.683719 ], [ 9.993858, 53.680129 ], [ 9.986006, 53.648678 ], [ 9.944096, 53.654057 ], [ 9.904809, 53.653134 ], [ 9.896997, 53.634257 ], [ 9.881324, 53.621662 ], [ 9.868273, 53.609967 ], [ 9.826518, 53.582956 ], [ 9.797699, 53.594594 ], [ 9.79501, 53.609866 ], [ 9.774059, 53.613423 ], [ 9.768757, 53.625994 ], [ 9.755716, 53.617881 ], [ 9.758419, 53.60261 ], [ 9.742744, 53.598983 ], [ 9.729921, 53.558518 ], [ 9.685474, 53.561107 ], [ 9.635656, 53.579839 ], [ 9.633018, 53.582527 ], [ 9.614657, 53.588761 ], [ 9.591043, 53.596771 ], [ 9.551608, 53.615504 ], [ 9.538358, 53.630731 ], [ 9.522167, 53.673802 ], [ 9.506257, 53.689914 ], [ 9.487679, 53.708709 ], [ 9.44553, 53.722903 ], [ 9.424298, 53.740777 ], [ 9.378878, 53.795371 ], [ 9.370847, 53.805215 ], [ 9.399672, 53.81165 ], [ 9.394311, 53.818813 ], [ 9.404753, 53.824256 ], [ 9.368178, 53.807897 ], [ 9.338912, 53.830209 ], [ 9.330865, 53.84005 ], [ 9.290998, 53.864089 ], [ 9.256669, 53.870176 ], [ 9.256637, 53.871973 ], [ 9.230212, 53.877202 ], [ 9.198548, 53.880593 ], [ 9.174867, 53.879537 ], [ 9.024763, 53.879333 ], [ 9.019121, 53.895464 ], [ 8.977064, 53.891526 ], [ 8.939649, 53.912776 ], [ 8.918338, 53.921577 ], [ 8.893792, 53.952813 ], [ 8.877439, 53.972435 ], [ 8.882526, 53.979671 ], [ 8.858456, 53.991133 ], [ 8.8554, 54.006382 ], [ 8.823105, 54.027646 ], [ 8.862276, 54.04509 ] ] ], [ [ [ 8.685094, 54.046019 ], [ 8.679468, 54.056744 ], [ 8.684362, 54.069378 ], [ 8.70023, 54.069547 ], [ 8.68726, 54.061321 ], [ 8.70062, 54.056969 ], [ 8.684869, 54.053207 ], [ 8.695667, 54.046132 ], [ 8.685094, 54.046019 ] ] ], [ [ [ 7.919182, 54.185561 ], [ 7.904085, 54.169124 ], [ 7.882425, 54.177743 ], [ 7.873969, 54.187486 ], [ 7.892213, 54.194092 ], [ 7.900576, 54.186144 ], [ 7.919182, 54.185561 ] ] ], [ [ [ 8.549122, 54.459719 ], [ 8.54887, 54.466906 ], [ 8.55421, 54.466969 ], [ 8.562376, 54.46257 ], [ 8.549122, 54.459719 ] ] ], [ [ [ 8.725268, 54.463452 ], [ 8.717174, 54.466065 ], [ 8.727744, 54.469769 ], [ 8.73325, 54.464433 ], [ 8.725268, 54.463452 ] ] ], [ [ [ 8.691352, 54.522416 ], [ 8.700024, 54.501836 ], [ 8.686405, 54.509782 ], [ 8.670888, 54.493439 ], [ 8.625676, 54.486655 ], [ 8.59565, 54.505193 ], [ 8.584652, 54.514056 ], [ 8.591966, 54.53481 ], [ 8.62406, 54.53517 ], [ 8.639752, 54.546128 ], [ 8.690211, 54.558354 ], [ 8.711732, 54.554984 ], [ 8.701934, 54.526122 ], [ 8.691352, 54.522416 ] ] ], [ [ [ 8.805364, 54.556818 ], [ 8.829626, 54.550758 ], [ 8.821831, 54.542596 ], [ 8.811026, 54.546088 ], [ 8.79222, 54.548603 ], [ 8.789413, 54.553069 ], [ 8.805364, 54.556818 ] ] ], [ [ [ 8.529012, 54.574526 ], [ 8.555657, 54.578433 ], [ 8.577634, 54.562509 ], [ 8.548416, 54.555879 ], [ 8.526625, 54.566408 ], [ 8.510241, 54.575201 ], [ 8.515401, 54.580655 ], [ 8.529012, 54.574526 ] ] ], [ [ [ 8.817687, 54.593784 ], [ 8.806661, 54.604463 ], [ 8.830748, 54.605591 ], [ 8.833503, 54.60292 ], [ 8.817687, 54.593784 ] ] ], [ [ [ 8.292216, 54.665875 ], [ 8.331034, 54.701456 ], [ 8.360104, 54.713527 ], [ 8.336842, 54.690748 ], [ 8.350878, 54.675654 ], [ 8.359897, 54.651505 ], [ 8.384494, 54.640142 ], [ 8.379414, 54.632886 ], [ 8.403785, 54.626909 ], [ 8.385129, 54.623972 ], [ 8.385411, 54.616785 ], [ 8.398844, 54.61606 ], [ 8.393695, 54.6106 ], [ 8.361544, 54.610181 ], [ 8.339458, 54.626067 ], [ 8.292216, 54.665875 ] ] ], [ [ [ 8.728218, 54.627952 ], [ 8.711965, 54.633177 ], [ 8.71445, 54.639494 ], [ 8.73861, 54.638842 ], [ 8.728218, 54.627952 ] ] ], [ [ [ 8.588522, 54.635433 ], [ 8.551495, 54.620627 ], [ 8.537999, 54.623166 ], [ 8.527085, 54.62843 ], [ 8.54285, 54.637603 ], [ 8.596412, 54.640016 ], [ 8.641609, 54.652202 ], [ 8.660589, 54.646116 ], [ 8.628768, 54.634984 ], [ 8.588522, 54.635433 ] ] ], [ [ [ 8.683948, 54.670631 ], [ 8.683776, 54.676022 ], [ 8.705132, 54.679841 ], [ 8.710669, 54.674506 ], [ 8.683948, 54.670631 ] ] ], [ [ [ 8.446874, 54.693067 ], [ 8.427978, 54.695526 ], [ 8.392548, 54.708557 ], [ 8.40245, 54.730255 ], [ 8.434078, 54.746835 ], [ 8.506497, 54.752217 ], [ 8.541353, 54.755326 ], [ 8.581966, 54.747705 ], [ 8.582588, 54.729737 ], [ 8.585368, 54.727072 ], [ 8.599079, 54.719138 ], [ 8.575494, 54.701794 ], [ 8.565569, 54.678312 ], [ 8.525216, 54.680537 ], [ 8.484991, 54.679155 ], [ 8.454962, 54.692269 ], [ 8.446874, 54.693067 ] ] ], [ [ [ 8.392466, 55.052807 ], [ 8.430245, 55.056881 ], [ 8.463091, 55.048299 ], [ 8.463296, 55.042908 ], [ 8.433267, 55.048829 ], [ 8.395495, 55.044757 ], [ 8.398593, 55.034909 ], [ 8.431219, 55.031726 ], [ 8.44253, 55.019283 ], [ 8.367986, 54.987775 ], [ 8.35523, 54.968732 ], [ 8.361577, 54.945445 ], [ 8.362228, 54.929275 ], [ 8.360287, 54.910374 ], [ 8.37993, 54.891754 ], [ 8.42365, 54.877931 ], [ 8.485778, 54.876002 ], [ 8.499031, 54.882454 ], [ 8.507221, 54.879855 ], [ 8.41951, 54.845521 ], [ 8.378626, 54.856683 ], [ 8.364393, 54.875373 ], [ 8.340014, 54.877748 ], [ 8.332401, 54.865962 ], [ 8.297916, 54.852014 ], [ 8.295003, 54.792651 ], [ 8.301579, 54.763977 ], [ 8.289071, 54.741335 ], [ 8.275141, 54.752828 ], [ 8.281434, 54.795161 ], [ 8.286306, 54.871631 ], [ 8.292853, 54.908573 ], [ 8.310813, 54.931288 ], [ 8.323537, 54.950335 ], [ 8.351616, 54.991156 ], [ 8.392466, 55.052807 ] ] ], [ [ [ 8.509819, 54.882583 ], [ 8.531332, 54.884635 ], [ 8.569096, 54.885072 ], [ 8.531397, 54.882838 ], [ 8.509819, 54.882583 ] ] ], [ [ [ 11.034519, 54.436032 ], [ 11.034384, 54.430641 ], [ 11.023801, 54.434324 ], [ 11.026536, 54.436997 ], [ 11.034519, 54.436032 ] ] ], [ [ [ 11.05897, 54.452901 ], [ 11.053403, 54.443961 ], [ 11.010658, 54.44252 ], [ 11.003022, 54.45786 ], [ 11.014626, 54.49551 ], [ 11.047512, 54.52759 ], [ 11.069138, 54.536393 ], [ 11.076999, 54.530034 ], [ 11.173069, 54.521974 ], [ 11.212674, 54.504517 ], [ 11.231463, 54.507029 ], [ 11.313677, 54.401932 ], [ 11.218017, 54.413694 ], [ 11.169609, 54.399781 ], [ 11.113697, 54.402993 ], [ 11.0952, 54.409449 ], [ 11.101154, 54.432762 ], [ 11.08557, 54.449076 ], [ 11.05897, 54.452901 ] ] ] ] } },
{ "type": "Feature", "properties": { "state_id": 2, "name": "Hamburg" }, "geometry": { "type": "MultiPolygon", "coordinates": [ [ [ [ 10.167062, 53.737526 ], [ 10.195902, 53.731193 ], [ 10.177447, 53.710553 ], [ 10.166963, 53.712365 ], [ 10.161649, 53.6944 ], [ 10.140627, 53.680049 ], [ 10.172027, 53.667428 ], [ 10.195554, 53.65571 ], [ 10.190234, 53.637747 ], [ 10.221635, 53.634099 ], [ 10.190122, 53.612586 ], [ 10.200462, 53.585611 ], [ 10.158621, 53.585673 ], [ 10.145475, 53.565021 ], [ 10.158521, 53.558714 ], [ 10.150627, 53.543448 ], [ 10.168889, 53.537134 ], [ 10.163596, 53.519169 ], [ 10.181846, 53.512853 ], [ 10.210594, 53.519097 ], [ 10.223522, 53.494811 ], [ 10.233969, 53.496588 ], [ 10.249533, 53.480382 ], [ 10.288498, 53.456034 ], [ 10.301439, 53.442523 ], [ 10.311929, 53.451483 ], [ 10.324943, 53.448753 ], [ 10.309186, 53.432619 ], [ 10.254355, 53.413875 ], [ 10.249093, 53.4049 ], [ 10.243844, 53.397721 ], [ 10.168337, 53.396951 ], [ 10.147558, 53.411356 ], [ 10.13197, 53.423954 ], [ 10.108526, 53.424876 ], [ 10.082529, 53.453652 ], [ 10.051255, 53.462656 ], [ 10.046023, 53.446483 ], [ 10.014743, 53.442896 ], [ 10.027768, 53.433009 ], [ 9.993895, 53.426722 ], [ 9.986082, 53.416836 ], [ 9.97306, 53.414138 ], [ 9.978265, 53.421328 ], [ 9.960024, 53.427614 ], [ 9.926168, 53.419511 ], [ 9.907939, 53.416802 ], [ 9.920925, 53.437479 ], [ 9.90003, 53.457234 ], [ 9.860995, 53.43473 ], [ 9.806147, 53.462512 ], [ 9.803395, 53.493959 ], [ 9.785142, 53.491232 ], [ 9.769409, 53.505581 ], [ 9.761553, 53.510059 ], [ 9.774392, 53.550521 ], [ 9.729921, 53.558518 ], [ 9.742744, 53.598983 ], [ 9.758419, 53.60261 ], [ 9.755716, 53.617881 ], [ 9.768757, 53.625994 ], [ 9.774059, 53.613423 ], [ 9.79501, 53.609866 ], [ 9.797699, 53.594594 ], [ 9.826518, 53.582956 ], [ 9.868273, 53.609967 ], [ 9.881324, 53.621662 ], [ 9.896997, 53.634257 ], [ 9.904809, 53.653134 ], [ 9.944096, 53.654057 ], [ 9.986006, 53.648678 ], [ 9.993858, 53.680129 ], [ 10.035795, 53.683719 ], [ 10.064618, 53.677417 ], [ 10.067268, 53.696286 ], [ 10.059406, 53.698986 ], [ 10.07253, 53.707066 ], [ 10.075158, 53.70976 ], [ 10.083049, 53.721437 ], [ 10.119751, 53.712421 ], [ 10.167062, 53.737526 ] ] ], [ [ [ 8.483535, 53.916072 ], [ 8.496101, 53.933304 ], [ 8.514965, 53.92185 ], [ 8.499537, 53.910876 ], [ 8.483535, 53.916072 ] ] ], [ [ [ 8.452867, 53.961527 ], [ 8.440244, 53.946088 ], [ 8.424557, 53.942292 ], [ 8.429294, 53.956734 ], [ 8.442182, 53.964987 ], [ 8.452867, 53.961527 ] ] ] ] } },
{ "type": "Feature", "properties": { "state_id": 3, "name": "Niedersachsen" }, "geometry": { "type": "MultiPolygon", "coordinates": [ [ [ [ 7.066983, 52.241999 ], [ 7.040689, 52.255735 ], [ 7.025555, 52.292229 ], [ 7.072506, 52.350952 ], [ 7.073684, 52.371666 ], [ 7.056648, 52.398224 ], [ 7.030618, 52.406571 ], [ 6.999052, 52.458839 ], [ 6.988256, 52.46756 ], [ 6.978314, 52.463711 ], [ 6.947009, 52.436831 ], [ 6.856857, 52.449774 ], [ 6.853737, 52.457787 ], [ 6.774618, 52.458368 ], [ 6.743274, 52.468308 ], [ 6.727331, 52.476866 ], [ 6.698711, 52.484171 ], [ 6.700521, 52.494115 ], [ 6.704545, 52.508618 ], [ 6.705954, 52.523948 ], [ 6.680779, 52.552932 ], [ 6.716898, 52.548535 ], [ 6.726035, 52.563177 ], [ 6.764513, 52.561529 ], [ 6.718926, 52.589966 ], [ 6.727003, 52.618969 ], [ 6.710867, 52.62932 ], [ 6.742828, 52.647285 ], [ 6.788458, 52.653916 ], [ 6.817043, 52.648385 ], [ 6.873042, 52.653461 ], [ 6.909224, 52.649006 ], [ 6.920082, 52.640292 ], [ 6.953506, 52.638451 ], [ 6.981197, 52.645449 ], [ 7.004761, 52.637948 ], [ 7.03842, 52.632492 ], [ 7.055533, 52.644606 ], [ 7.068678, 52.754642 ], [ 7.0702, 52.808635 ], [ 7.091447, 52.83703 ], [ 7.085471, 52.849475 ], [ 7.124566, 52.880992 ], [ 7.153307, 52.91405 ], [ 7.18244, 52.941713 ], [ 7.203014, 52.982658 ], [ 7.216981, 53.006361 ], [ 7.200556, 53.060832 ], [ 7.202474, 53.111231 ], [ 7.17763, 53.134931 ], [ 7.203464, 53.175997 ], [ 7.223941, 53.180066 ], [ 7.205297, 53.187729 ], [ 7.219328, 53.211432 ], [ 7.191935, 53.313307 ], [ 7.243642, 53.318092 ], [ 7.253686, 53.323715 ], [ 7.290618, 53.315555 ], [ 7.303209, 53.32213 ], [ 7.300442, 53.324766 ], [ 7.193065, 53.335813 ], [ 7.023888, 53.336271 ], [ 6.998812, 53.359933 ], [ 6.99527, 53.373335 ], [ 7.012658, 53.385455 ], [ 7.004165, 53.395137 ], [ 7.013946, 53.404371 ], [ 7.0214, 53.484589 ], [ 7.048526, 53.507733 ], [ 7.031378, 53.528897 ], [ 7.036098, 53.536207 ], [ 7.065736, 53.523436 ], [ 7.07823, 53.53183 ], [ 7.100574, 53.510784 ], [ 7.102269, 53.524313 ], [ 7.123145, 53.524808 ], [ 7.1382, 53.534156 ], [ 7.085849, 53.573378 ], [ 7.095442, 53.586197 ], [ 7.141156, 53.607061 ], [ 7.152847, 53.628017 ], [ 7.171099, 53.629341 ], [ 7.190841, 53.647782 ], [ 7.244581, 53.667891 ], [ 7.31967, 53.683051 ], [ 7.482198, 53.684715 ], [ 7.514477, 53.670992 ], [ 7.553607, 53.67448 ], [ 7.605385, 53.686296 ], [ 7.701406, 53.705223 ], [ 7.735819, 53.699574 ], [ 7.808651, 53.711691 ], [ 7.91584, 53.71986 ], [ 8.013251, 53.713393 ], [ 8.031897, 53.707403 ], [ 8.022499, 53.68388 ], [ 8.04021, 53.641019 ], [ 8.076614, 53.646992 ], [ 8.090067, 53.639114 ], [ 8.172993, 53.537915 ], [ 8.15319, 53.512448 ], [ 8.101473, 53.500865 ], [ 8.062215, 53.502942 ], [ 8.063518, 53.474199 ], [ 8.069138, 53.465299 ], [ 8.098733, 53.445092 ], [ 8.121829, 53.453541 ], [ 8.148047, 53.450348 ], [ 8.196849, 53.40614 ], [ 8.228462, 53.397617 ], [ 8.267252, 53.404469 ], [ 8.312202, 53.453639 ], [ 8.318221, 53.499562 ], [ 8.301494, 53.526294 ], [ 8.270529, 53.51687 ], [ 8.228617, 53.519862 ], [ 8.23926, 53.578441 ], [ 8.282358, 53.612313 ], [ 8.326726, 53.615627 ], [ 8.358676, 53.60168 ], [ 8.377977, 53.575874 ], [ 8.472981, 53.551936 ], [ 8.501813, 53.549598 ], [ 8.514656, 53.556047 ], [ 8.520256, 53.54533 ], [ 8.549203, 53.539387 ], [ 8.554792, 53.528668 ], [ 8.549997, 53.516029 ], [ 8.576759, 53.496572 ], [ 8.571901, 53.48573 ], [ 8.589953, 53.492232 ], [ 8.6059, 53.483428 ], [ 8.63657, 53.503549 ], [ 8.651888, 53.514504 ], [ 8.638407, 53.527835 ], [ 8.645413, 53.553977 ], [ 8.632321, 53.55473 ], [ 8.615886, 53.577911 ], [ 8.626401, 53.576233 ], [ 8.649102, 53.60255 ], [ 8.617597, 53.605792 ], [ 8.589209, 53.593783 ], [ 8.520718, 53.607351 ], [ 8.507103, 53.622464 ], [ 8.482366, 53.655413 ], [ 8.483927, 53.685092 ], [ 8.493645, 53.706783 ], [ 8.510959, 53.736655 ], [ 8.516018, 53.742109 ], [ 8.552712, 53.820741 ], [ 8.562434, 53.844223 ], [ 8.575557, 53.845275 ], [ 8.605998, 53.879778 ], [ 8.674001, 53.894913 ], [ 8.687198, 53.894156 ], [ 8.682324, 53.881522 ], [ 8.703498, 53.878153 ], [ 8.75987, 53.841889 ], [ 8.786434, 53.833168 ], [ 8.828565, 53.831781 ], [ 8.907559, 53.828916 ], [ 8.95211, 53.835597 ], [ 8.96776, 53.841122 ], [ 9.015238, 53.836121 ], [ 8.99595, 53.87281 ], [ 9.024763, 53.879333 ], [ 9.174867, 53.879537 ], [ 9.198548, 53.880593 ], [ 9.230212, 53.877202 ], [ 9.256637, 53.871973 ], [ 9.256669, 53.870176 ], [ 9.290998, 53.864089 ], [ 9.330865, 53.84005 ], [ 9.338912, 53.830209 ], [ 9.368178, 53.807897 ], [ 9.404753, 53.824256 ], [ 9.394311, 53.818813 ], [ 9.399672, 53.81165 ], [ 9.370847, 53.805215 ], [ 9.378878, 53.795371 ], [ 9.424298, 53.740777 ], [ 9.44553, 53.722903 ], [ 9.487679, 53.708709 ], [ 9.506257, 53.689914 ], [ 9.522167, 53.673802 ], [ 9.538358, 53.630731 ], [ 9.551608, 53.615504 ], [ 9.591043, 53.596771 ], [ 9.614657, 53.588761 ], [ 9.633018, 53.582527 ], [ 9.635656, 53.579839 ], [ 9.685474, 53.561107 ], [ 9.729921, 53.558518 ], [ 9.774392, 53.550521 ], [ 9.761553, 53.510059 ], [ 9.769409, 53.505581 ], [ 9.785142, 53.491232 ], [ 9.803395, 53.493959 ], [ 9.806147, 53.462512 ], [ 9.860995, 53.43473 ], [ 9.90003, 53.457234 ], [ 9.920925, 53.437479 ], [ 9.907939, 53.416802 ], [ 9.926168, 53.419511 ], [ 9.960024, 53.427614 ], [ 9.978265, 53.421328 ], [ 9.97306, 53.414138 ], [ 9.986082, 53.416836 ], [ 9.993895, 53.426722 ], [ 10.027768, 53.433009 ], [ 10.014743, 53.442896 ], [ 10.046023, 53.446483 ], [ 10.051255, 53.462656 ], [ 10.082529, 53.453652 ], [ 10.108526, 53.424876 ], [ 10.13197, 53.423954 ], [ 10.147558, 53.411356 ], [ 10.168337, 53.396951 ], [ 10.243844, 53.397721 ], [ 10.249093, 53.4049 ], [ 10.254355, 53.413875 ], [ 10.309186, 53.432619 ], [ 10.340383, 53.423549 ], [ 10.366465, 53.427067 ], [ 10.397579, 53.410794 ], [ 10.431318, 53.398997 ], [ 10.470205, 53.383576 ], [ 10.516923, 53.372602 ], [ 10.527287, 53.368963 ], [ 10.584429, 53.361512 ], [ 10.59227, 53.36417 ], [ 10.597473, 53.364144 ], [ 10.626207, 53.372087 ], [ 10.649584, 53.369268 ], [ 10.652172, 53.368356 ], [ 10.699061, 53.371689 ], [ 10.727484, 53.35984 ], [ 10.73758, 53.341805 ], [ 10.755765, 53.340795 ], [ 10.760742, 53.328182 ], [ 10.768588, 53.330829 ], [ 10.802062, 53.313537 ], [ 10.825464, 53.314279 ], [ 10.835683, 53.305222 ], [ 10.851341, 53.308708 ], [ 10.851484, 53.315896 ], [ 10.869691, 53.316665 ], [ 10.867292, 53.326568 ], [ 10.885393, 53.321944 ], [ 10.880453, 53.334561 ], [ 10.903868, 53.335287 ], [ 10.919735, 53.34775 ], [ 10.927556, 53.348589 ], [ 10.948042, 53.334051 ], [ 10.987056, 53.334639 ], [ 10.984271, 53.326573 ], [ 11.009671, 53.301201 ], [ 11.006716, 53.285947 ], [ 11.029935, 53.279461 ], [ 11.059983, 53.234267 ], [ 11.085556, 53.219661 ], [ 11.116248, 53.203204 ], [ 11.136981, 53.203011 ], [ 11.147013, 53.190334 ], [ 11.193399, 53.180898 ], [ 11.190388, 53.165649 ], [ 11.174607, 53.156816 ], [ 11.181809, 53.136075 ], [ 11.197334, 53.135922 ], [ 11.220444, 53.1294 ], [ 11.223107, 53.132069 ], [ 11.225873, 53.138332 ], [ 11.230946, 53.134686 ], [ 11.228588, 53.142798 ], [ 11.269362, 53.120807 ], [ 11.266328, 53.10556 ], [ 11.281364, 53.089224 ], [ 11.317112, 53.074458 ], [ 11.327062, 53.061767 ], [ 11.339783, 53.055335 ], [ 11.383945, 53.062924 ], [ 11.417906, 53.074214 ], [ 11.454259, 53.079174 ], [ 11.477055, 53.065415 ], [ 11.504877, 53.047993 ], [ 11.522857, 53.045071 ], [ 11.543832, 53.053792 ], [ 11.576783, 53.036288 ], [ 11.597433, 53.036016 ], [ 11.557842, 53.012267 ], [ 11.557392, 52.999689 ], [ 11.513826, 53.008334 ], [ 11.497233, 52.976185 ], [ 11.491523, 52.960077 ], [ 11.503755, 52.94105 ], [ 11.457211, 52.93623 ], [ 11.444065, 52.9283 ], [ 11.438796, 52.924768 ], [ 11.436074, 52.920306 ], [ 11.423171, 52.919561 ], [ 11.409804, 52.904439 ], [ 11.383954, 52.901145 ], [ 11.313738, 52.877666 ], [ 11.293108, 52.876092 ], [ 11.290934, 52.889597 ], [ 11.252006, 52.878326 ], [ 11.239171, 52.879357 ], [ 11.231834, 52.892914 ], [ 11.219044, 52.895741 ], [ 11.157572, 52.907134 ], [ 11.128956, 52.895722 ], [ 11.098077, 52.896009 ], [ 11.090784, 52.913151 ], [ 11.070101, 52.909742 ], [ 11.010916, 52.911153 ], [ 10.990199, 52.905933 ], [ 10.98971, 52.884368 ], [ 10.966416, 52.878267 ], [ 10.945332, 52.855068 ], [ 10.929906, 52.855189 ], [ 10.906748, 52.854467 ], [ 10.885962, 52.843838 ], [ 10.868202, 52.855651 ], [ 10.842422, 52.85224 ], [ 10.765107, 52.841973 ], [ 10.759373, 52.807859 ], [ 10.756603, 52.796194 ], [ 10.758936, 52.782699 ], [ 10.776569, 52.763713 ], [ 10.773829, 52.753845 ], [ 10.789155, 52.75015 ], [ 10.79618, 52.713257 ], [ 10.827034, 52.71844 ], [ 10.834466, 52.704908 ], [ 10.869625, 52.668709 ], [ 10.902149, 52.631621 ], [ 10.924698, 52.60898 ], [ 10.968536, 52.625709 ], [ 10.976188, 52.624748 ], [ 10.97579, 52.606776 ], [ 10.944804, 52.592646 ], [ 10.947147, 52.582741 ], [ 10.936583, 52.566647 ], [ 10.953937, 52.542244 ], [ 11.006539, 52.497773 ], [ 10.958106, 52.499071 ], [ 10.947828, 52.495558 ], [ 10.932035, 52.472315 ], [ 10.934299, 52.458817 ], [ 10.949509, 52.455101 ], [ 10.964286, 52.431615 ], [ 10.979445, 52.426099 ], [ 10.999448, 52.409755 ], [ 11.019477, 52.395205 ], [ 11.014225, 52.38806 ], [ 11.024524, 52.393364 ], [ 11.067319, 52.374114 ], [ 11.074883, 52.371349 ], [ 11.069408, 52.355221 ], [ 11.059283, 52.357109 ], [ 11.059111, 52.34992 ], [ 11.038652, 52.344708 ], [ 11.03609, 52.343832 ], [ 11.010759, 52.347645 ], [ 10.982664, 52.341589 ], [ 10.987586, 52.334358 ], [ 11.002871, 52.336028 ], [ 11.002709, 52.328839 ], [ 11.020347, 52.322397 ], [ 11.037645, 52.301576 ], [ 11.012052, 52.292809 ], [ 11.017005, 52.287374 ], [ 11.029342, 52.271988 ], [ 11.054628, 52.268171 ], [ 11.056973, 52.260061 ], [ 11.05173, 52.252918 ], [ 11.061618, 52.242044 ], [ 11.079344, 52.240985 ], [ 11.084109, 52.228359 ], [ 11.076309, 52.220341 ], [ 11.045772, 52.215221 ], [ 11.025418, 52.211804 ], [ 11.025129, 52.199223 ], [ 11.012403, 52.196636 ], [ 11.029573, 52.172221 ], [ 11.059951, 52.171953 ], [ 11.062034, 52.15306 ], [ 11.051785, 52.147759 ], [ 11.04388, 52.134347 ], [ 11.028621, 52.130885 ], [ 10.980036, 52.10703 ], [ 10.942061, 52.104642 ], [ 10.939364, 52.096574 ], [ 10.966989, 52.088263 ], [ 10.974237, 52.072924 ], [ 10.963785, 52.056831 ], [ 10.946167, 52.05967 ], [ 10.872919, 52.059335 ], [ 10.842414, 52.04877 ], [ 10.832316, 52.048842 ], [ 10.801988, 52.047254 ], [ 10.746449, 52.047618 ], [ 10.723771, 52.050455 ], [ 10.670658, 52.044477 ], [ 10.647899, 52.041908 ], [ 10.657733, 52.023878 ], [ 10.640057, 52.023077 ], [ 10.634858, 52.012319 ], [ 10.602004, 52.007998 ], [ 10.584382, 52.010782 ], [ 10.561601, 52.004602 ], [ 10.586447, 51.97572 ], [ 10.604127, 51.978328 ], [ 10.621611, 51.966553 ], [ 10.624018, 51.958451 ], [ 10.646733, 51.961025 ], [ 10.644098, 51.952951 ], [ 10.611164, 51.939644 ], [ 10.613474, 51.924353 ], [ 10.625975, 51.917996 ], [ 10.646011, 51.910698 ], [ 10.650733, 51.889101 ], [ 10.640517, 51.878372 ], [ 10.57719, 51.843647 ], [ 10.587103, 51.832812 ], [ 10.577007, 51.829267 ], [ 10.574231, 51.808608 ], [ 10.586636, 51.796863 ], [ 10.578909, 51.781622 ], [ 10.596252, 51.764458 ], [ 10.628753, 51.7562 ], [ 10.630974, 51.735515 ], [ 10.650798, 51.719229 ], [ 10.670689, 51.708331 ], [ 10.670529, 51.697546 ], [ 10.665308, 51.683195 ], [ 10.670237, 51.677774 ], [ 10.667588, 51.667902 ], [ 10.685017, 51.66151 ], [ 10.684909, 51.65432 ], [ 10.644866, 51.654547 ], [ 10.644789, 51.649154 ], [ 10.652206, 51.642822 ], [ 10.639658, 51.640194 ], [ 10.626888, 51.621388 ], [ 10.634203, 51.607866 ], [ 10.63159, 51.599791 ], [ 10.631565, 51.597993 ], [ 10.638875, 51.584471 ], [ 10.66627, 51.578027 ], [ 10.653506, 51.559223 ], [ 10.633577, 51.562928 ], [ 10.613813, 51.579212 ], [ 10.593778, 51.57572 ], [ 10.553542, 51.554346 ], [ 10.513586, 51.554528 ], [ 10.501249, 51.568063 ], [ 10.488826, 51.574408 ], [ 10.446487, 51.588059 ], [ 10.426545, 51.593526 ], [ 10.391476, 51.58466 ], [ 10.376512, 51.588305 ], [ 10.368993, 51.585632 ], [ 10.378959, 51.582005 ], [ 10.378824, 51.565827 ], [ 10.366256, 51.55598 ], [ 10.373725, 51.55326 ], [ 10.36614, 51.541599 ], [ 10.351119, 51.536252 ], [ 10.346031, 51.523684 ], [ 10.306042, 51.514807 ], [ 10.303409, 51.494141 ], [ 10.27345, 51.488822 ], [ 10.245985, 51.482592 ], [ 10.235947, 51.470029 ], [ 10.23345, 51.469135 ], [ 10.216006, 51.470067 ], [ 10.218546, 51.47995 ], [ 10.201121, 51.486273 ], [ 10.178605, 51.467434 ], [ 10.186079, 51.466523 ], [ 10.181044, 51.453948 ], [ 10.166061, 51.444982 ], [ 10.138649, 51.442321 ], [ 10.153559, 51.431517 ], [ 10.15106, 51.428823 ], [ 10.133646, 51.435136 ], [ 10.08383, 51.435183 ], [ 10.073841, 51.419011 ], [ 10.063882, 51.419016 ], [ 10.061412, 51.434298 ], [ 10.046472, 51.4379 ], [ 10.053935, 51.429807 ], [ 10.041475, 51.421723 ], [ 10.011595, 51.42173 ], [ 9.999145, 51.420832 ], [ 10.011594, 51.418134 ], [ 10.006613, 51.410944 ], [ 9.986702, 51.396562 ], [ 9.966793, 51.396558 ], [ 9.949389, 51.381272 ], [ 9.927009, 51.374968 ], [ 9.93196, 51.39115 ], [ 9.907047, 51.405514 ], [ 9.904529, 51.418995 ], [ 9.88462, 51.415382 ], [ 9.879669, 51.404591 ], [ 9.869687, 51.413568 ], [ 9.849764, 51.415342 ], [ 9.857348, 51.378499 ], [ 9.867309, 51.374916 ], [ 9.844919, 51.375787 ], [ 9.842341, 51.40185 ], [ 9.817416, 51.410802 ], [ 9.80248, 51.410777 ], [ 9.792538, 51.407165 ], [ 9.800096, 51.386505 ], [ 9.765263, 51.38644 ], [ 9.742966, 51.369315 ], [ 9.705676, 51.366531 ], [ 9.703253, 51.356637 ], [ 9.728203, 51.342316 ], [ 9.738279, 51.318969 ], [ 9.748216, 51.318991 ], [ 9.765511, 51.337903 ], [ 9.773008, 51.329828 ], [ 9.763095, 51.324416 ], [ 9.775523, 51.323541 ], [ 9.765676, 51.305545 ], [ 9.728468, 51.297374 ], [ 9.718524, 51.299149 ], [ 9.716035, 51.300041 ], [ 9.711057, 51.301827 ], [ 9.708568, 51.30272 ], [ 9.698622, 51.304492 ], [ 9.696132, 51.305384 ], [ 9.668715, 51.318792 ], [ 9.661308, 51.312479 ], [ 9.63893, 51.315109 ], [ 9.629008, 51.31328 ], [ 9.633875, 51.325879 ], [ 9.609027, 51.325798 ], [ 9.581539, 51.342781 ], [ 9.57163, 51.33915 ], [ 9.556613, 51.34988 ], [ 9.549075, 51.357941 ], [ 9.531587, 51.365962 ], [ 9.536524, 51.369577 ], [ 9.54904, 51.361536 ], [ 9.566455, 51.360703 ], [ 9.576319, 51.369728 ], [ 9.558831, 51.377753 ], [ 9.573639, 51.390392 ], [ 9.578517, 51.401196 ], [ 9.605871, 51.403988 ], [ 9.630761, 51.404069 ], [ 9.643116, 51.415792 ], [ 9.628002, 51.437317 ], [ 9.635267, 51.463406 ], [ 9.645208, 51.467032 ], [ 9.640167, 51.474207 ], [ 9.617678, 51.480428 ], [ 9.584948, 51.51537 ], [ 9.592361, 51.523486 ], [ 9.609853, 51.520849 ], [ 9.622219, 51.534372 ], [ 9.617136, 51.545141 ], [ 9.609576, 51.553205 ], [ 9.60953, 51.558598 ], [ 9.624589, 51.549659 ], [ 9.647041, 51.552426 ], [ 9.624426, 51.569433 ], [ 9.624322, 51.582016 ], [ 9.634288, 51.585642 ], [ 9.671896, 51.568676 ], [ 9.686896, 51.56692 ], [ 9.684293, 51.582193 ], [ 9.634072, 51.612606 ], [ 9.62888, 51.635958 ], [ 9.611406, 51.631408 ], [ 9.596429, 51.627762 ], [ 9.591427, 51.627745 ], [ 9.583948, 51.625022 ], [ 9.561429, 51.625839 ], [ 9.54879, 51.639273 ], [ 9.536363, 51.631135 ], [ 9.523921, 51.624794 ], [ 9.49634, 51.63097 ], [ 9.488745, 51.639027 ], [ 9.496141, 51.648945 ], [ 9.498573, 51.655247 ], [ 9.483537, 51.65698 ], [ 9.46854, 51.655115 ], [ 9.453632, 51.646059 ], [ 9.438574, 51.649583 ], [ 9.436038, 51.652267 ], [ 9.418601, 51.64589 ], [ 9.373511, 51.649253 ], [ 9.37827, 51.667255 ], [ 9.39571, 51.673638 ], [ 9.385452, 51.691561 ], [ 9.402902, 51.697942 ], [ 9.40276, 51.708727 ], [ 9.395207, 51.711385 ], [ 9.387653, 51.714042 ], [ 9.394991, 51.727563 ], [ 9.394967, 51.72936 ], [ 9.392424, 51.732043 ], [ 9.379803, 51.738269 ], [ 9.384574, 51.75627 ], [ 9.409516, 51.767184 ], [ 9.416962, 51.773512 ], [ 9.444332, 51.792519 ], [ 9.426521, 51.811308 ], [ 9.43891, 51.82485 ], [ 9.431181, 51.840092 ], [ 9.461166, 51.854614 ], [ 9.458555, 51.862691 ], [ 9.400811, 51.85612 ], [ 9.360462, 51.864895 ], [ 9.337952, 51.856682 ], [ 9.347539, 51.889092 ], [ 9.332019, 51.917766 ], [ 9.309267, 51.923926 ], [ 9.294217, 51.920242 ], [ 9.271372, 51.931787 ], [ 9.278767, 51.941719 ], [ 9.263568, 51.947018 ], [ 9.288586, 51.957957 ], [ 9.263067, 51.977573 ], [ 9.220263, 51.974602 ], [ 9.210371, 51.963751 ], [ 9.192748, 51.962733 ], [ 9.174764, 51.981483 ], [ 9.194673, 51.996001 ], [ 9.179444, 52.001289 ], [ 9.194254, 52.019366 ], [ 9.173805, 52.033606 ], [ 9.173607, 52.04439 ], [ 9.173375, 52.056971 ], [ 9.195859, 52.070608 ], [ 9.175354, 52.086644 ], [ 9.155073, 52.090096 ], [ 9.154937, 52.097286 ], [ 9.134753, 52.095342 ], [ 9.144519, 52.113389 ], [ 9.159621, 52.117092 ], [ 9.151746, 52.132315 ], [ 9.1238, 52.138403 ], [ 9.10116, 52.131942 ], [ 9.070622, 52.140694 ], [ 9.067924, 52.148761 ], [ 9.037755, 52.139532 ], [ 9.010028, 52.13481 ], [ 9.019791, 52.151069 ], [ 9.011863, 52.166283 ], [ 9.021869, 52.171758 ], [ 9.009192, 52.172552 ], [ 8.988451, 52.193947 ], [ 8.998542, 52.195831 ], [ 9.006321, 52.187807 ], [ 9.018844, 52.194203 ], [ 9.019081, 52.18342 ], [ 9.044403, 52.183626 ], [ 9.046378, 52.209707 ], [ 9.033418, 52.223083 ], [ 9.063831, 52.223327 ], [ 9.076261, 52.235109 ], [ 8.971639, 52.263908 ], [ 8.979023, 52.273858 ], [ 8.963674, 52.279118 ], [ 8.988845, 52.288323 ], [ 8.988314, 52.311686 ], [ 9.000708, 52.325273 ], [ 9.025913, 52.334469 ], [ 9.03076, 52.345294 ], [ 9.053766, 52.339188 ], [ 9.076392, 52.35105 ], [ 9.098848, 52.371894 ], [ 9.096031, 52.385354 ], [ 9.118692, 52.397207 ], [ 9.126024, 52.41254 ], [ 9.09482, 52.444661 ], [ 9.102188, 52.458198 ], [ 9.134941, 52.477314 ], [ 9.093753, 52.49678 ], [ 9.050305, 52.500936 ], [ 9.043101, 52.480207 ], [ 9.027767, 52.48188 ], [ 9.012993, 52.458392 ], [ 9.000274, 52.457387 ], [ 8.980016, 52.451822 ], [ 8.987885, 52.442003 ], [ 8.977822, 52.436525 ], [ 8.988131, 52.43122 ], [ 8.942642, 52.416445 ], [ 8.935373, 52.401101 ], [ 8.922585, 52.403682 ], [ 8.904705, 52.406215 ], [ 8.902316, 52.399902 ], [ 8.894526, 52.406121 ], [ 8.892184, 52.39801 ], [ 8.869445, 52.391505 ], [ 8.86674, 52.397771 ], [ 8.851707, 52.388639 ], [ 8.787795, 52.399689 ], [ 8.772678, 52.394141 ], [ 8.744871, 52.38756 ], [ 8.724108, 52.40172 ], [ 8.714191, 52.392625 ], [ 8.708999, 52.396164 ], [ 8.703227, 52.41947 ], [ 8.718188, 52.430418 ], [ 8.702648, 52.439237 ], [ 8.712207, 52.460912 ], [ 8.700854, 52.500336 ], [ 8.687543, 52.519065 ], [ 8.669658, 52.519766 ], [ 8.651387, 52.533043 ], [ 8.555473, 52.499562 ], [ 8.506507, 52.514239 ], [ 8.484074, 52.498676 ], [ 8.466256, 52.497549 ], [ 8.454795, 52.460548 ], [ 8.43228, 52.448569 ], [ 8.419449, 52.451096 ], [ 8.417191, 52.442976 ], [ 8.411969, 52.446502 ], [ 8.394043, 52.448958 ], [ 8.37122, 52.445952 ], [ 8.361165, 52.442218 ], [ 8.350577, 52.452859 ], [ 8.320012, 52.452432 ], [ 8.31213, 52.458612 ], [ 8.296984, 52.454801 ], [ 8.310029, 52.446897 ], [ 8.302768, 52.436906 ], [ 8.323682, 52.42282 ], [ 8.316831, 52.402049 ], [ 8.393941, 52.381542 ], [ 8.445497, 52.362452 ], [ 8.448949, 52.336429 ], [ 8.47014, 52.311536 ], [ 8.457725, 52.303286 ], [ 8.463734, 52.276397 ], [ 8.466611, 52.266547 ], [ 8.462841, 52.228745 ], [ 8.44313, 52.212308 ], [ 8.474209, 52.192937 ], [ 8.517529, 52.185397 ], [ 8.480436, 52.15886 ], [ 8.462939, 52.152342 ], [ 8.452694, 52.155804 ], [ 8.410287, 52.138163 ], [ 8.402988, 52.129975 ], [ 8.411117, 52.114803 ], [ 8.398703, 52.108343 ], [ 8.368241, 52.111523 ], [ 8.339936, 52.124613 ], [ 8.314652, 52.124256 ], [ 8.307305, 52.117858 ], [ 8.286461, 52.133739 ], [ 8.268863, 52.130786 ], [ 8.261661, 52.120792 ], [ 8.224202, 52.10855 ], [ 8.202285, 52.087543 ], [ 8.19525, 52.073951 ], [ 8.175046, 52.073641 ], [ 8.134639, 52.073011 ], [ 8.094844, 52.057992 ], [ 8.092052, 52.06424 ], [ 8.053985, 52.068115 ], [ 8.054219, 52.062725 ], [ 8.028734, 52.067696 ], [ 7.982095, 52.037242 ], [ 7.918222, 52.053216 ], [ 7.886408, 52.085017 ], [ 7.898658, 52.093326 ], [ 7.948857, 52.1014 ], [ 7.968419, 52.116122 ], [ 8.008863, 52.116809 ], [ 7.999391, 52.158902 ], [ 8.022122, 52.160183 ], [ 8.016503, 52.172675 ], [ 7.970947, 52.171904 ], [ 7.930038, 52.180186 ], [ 7.903882, 52.197707 ], [ 7.898309, 52.208396 ], [ 7.922969, 52.223215 ], [ 7.925042, 52.233141 ], [ 7.923786, 52.260089 ], [ 7.956134, 52.274136 ], [ 7.930099, 52.288069 ], [ 7.929514, 52.300645 ], [ 7.952067, 52.307329 ], [ 7.990268, 52.305285 ], [ 7.966477, 52.325556 ], [ 7.94816, 52.336929 ], [ 7.955326, 52.346941 ], [ 7.939914, 52.350271 ], [ 7.936747, 52.363701 ], [ 7.921413, 52.365232 ], [ 7.890142, 52.380863 ], [ 7.849982, 52.369356 ], [ 7.81172, 52.371355 ], [ 7.783353, 52.378921 ], [ 7.752115, 52.392719 ], [ 7.71355, 52.400076 ], [ 7.701325, 52.439399 ], [ 7.685204, 52.45527 ], [ 7.607638, 52.475316 ], [ 7.580644, 52.455889 ], [ 7.571739, 52.432331 ], [ 7.603159, 52.416784 ], [ 7.571903, 52.382883 ], [ 7.582465, 52.375906 ], [ 7.569606, 52.378341 ], [ 7.562424, 52.370102 ], [ 7.544681, 52.368838 ], [ 7.531923, 52.369473 ], [ 7.45981, 52.34008 ], [ 7.439802, 52.334255 ], [ 7.4283, 52.313326 ], [ 7.385307, 52.30969 ], [ 7.36596, 52.293076 ], [ 7.328605, 52.280552 ], [ 7.318459, 52.280323 ], [ 7.29915, 52.263699 ], [ 7.217795, 52.265416 ], [ 7.215316, 52.264459 ], [ 7.212724, 52.265297 ], [ 7.207653, 52.265178 ], [ 7.126524, 52.263241 ], [ 7.102458, 52.242871 ], [ 7.066983, 52.241999 ] ], [ [ 8.529971, 53.186837 ], [ 8.574395, 53.175685 ], [ 8.616004, 53.170776 ], [ 8.65416, 53.110092 ], [ 8.669951, 53.101279 ], [ 8.673005, 53.086034 ], [ 8.712119, 53.074774 ], [ 8.710471, 53.0433 ], [ 8.731389, 53.034535 ], [ 8.744114, 53.040959 ], [ 8.754545, 53.037473 ], [ 8.769627, 53.052007 ], [ 8.777754, 53.038609 ], [ 8.819501, 53.022848 ], [ 8.837735, 53.016734 ], [ 8.845309, 53.023098 ], [ 8.848057, 53.016833 ], [ 8.871118, 53.023343 ], [ 8.863305, 53.025966 ], [ 8.865533, 53.039467 ], [ 8.88939, 53.015424 ], [ 8.915284, 53.012065 ], [ 8.935838, 53.015844 ], [ 8.950886, 53.03395 ], [ 8.979008, 53.045875 ], [ 8.96061, 53.059198 ], [ 8.962569, 53.085277 ], [ 8.990728, 53.0972 ], [ 8.959575, 53.102327 ], [ 8.946319, 53.115693 ], [ 8.982233, 53.128583 ], [ 8.940222, 53.153385 ], [ 8.909657, 53.133341 ], [ 8.863084, 53.132912 ], [ 8.831162, 53.164961 ], [ 8.779428, 53.162652 ], [ 8.740513, 53.164948 ], [ 8.745483, 53.17219 ], [ 8.71665, 53.183571 ], [ 8.706558, 53.174476 ], [ 8.701108, 53.183405 ], [ 8.683168, 53.176919 ], [ 8.672698, 53.1804 ], [ 8.659831, 53.177561 ], [ 8.656934, 53.187416 ], [ 8.628067, 53.198775 ], [ 8.592259, 53.183983 ], [ 8.579042, 53.191917 ], [ 8.599068, 53.213722 ], [ 8.578214, 53.217073 ], [ 8.552593, 53.207781 ], [ 8.515629, 53.227106 ], [ 8.484516, 53.226721 ], [ 8.487392, 53.218667 ], [ 8.529971, 53.186837 ] ] ], [ [ [ 6.759004, 53.56961 ], [ 6.746973, 53.555798 ], [ 6.735429, 53.569879 ], [ 6.717216, 53.56849 ], [ 6.712824, 53.557579 ], [ 6.666963, 53.575219 ], [ 6.652563, 53.591913 ], [ 6.659627, 53.602001 ], [ 6.742169, 53.618627 ], [ 6.776366, 53.616839 ], [ 6.806409, 53.600542 ], [ 6.785906, 53.594607 ], [ 6.759499, 53.597504 ], [ 6.715971, 53.584646 ], [ 6.740653, 53.570019 ], [ 6.759004, 53.56961 ] ] ], [ [ [ 6.89626, 53.625348 ], [ 6.869709, 53.630065 ], [ 6.865969, 53.645258 ], [ 6.907443, 53.651713 ], [ 6.907835, 53.646327 ], [ 6.892135, 53.645928 ], [ 6.902994, 53.640808 ], [ 6.887691, 53.635022 ], [ 6.89626, 53.625348 ] ] ], [ [ [ 6.907966, 53.644532 ], [ 6.910778, 53.641905 ], [ 6.905545, 53.641772 ], [ 6.905415, 53.643568 ], [ 6.907966, 53.644532 ] ] ], [ [ [ 6.864379, 53.666801 ], [ 7.059564, 53.688749 ], [ 7.099287, 53.683405 ], [ 7.094417, 53.677894 ], [ 7.062742, 53.680732 ], [ 6.995285, 53.670097 ], [ 6.971272, 53.675798 ], [ 6.969102, 53.669449 ], [ 6.922105, 53.666473 ], [ 6.864379, 53.666801 ] ] ], [ [ [ 7.145348, 53.700678 ], [ 7.139381, 53.711328 ], [ 7.183164, 53.724036 ], [ 7.335244, 53.72745 ], [ 7.348748, 53.72145 ], [ 7.336147, 53.713083 ], [ 7.271134, 53.703555 ], [ 7.202761, 53.705604 ], [ 7.179593, 53.698776 ], [ 7.168512, 53.707512 ], [ 7.161431, 53.695657 ], [ 7.145348, 53.700678 ] ] ], [ [ [ 7.432762, 53.721447 ], [ 7.417248, 53.717523 ], [ 7.374968, 53.722016 ], [ 7.358901, 53.727065 ], [ 7.384569, 53.736608 ], [ 7.434786, 53.73138 ], [ 7.432762, 53.721447 ] ] ], [ [ [ 7.466687, 53.724853 ], [ 7.46069, 53.737315 ], [ 7.490996, 53.757721 ], [ 7.595974, 53.759832 ], [ 7.630445, 53.754212 ], [ 7.628273, 53.746078 ], [ 7.51294, 53.741987 ], [ 7.495691, 53.722754 ], [ 7.482421, 53.725178 ], [ 7.474928, 53.71873 ], [ 7.466687, 53.724853 ] ] ], [ [ [ 7.815808, 53.776544 ], [ 7.758897, 53.759332 ], [ 7.695711, 53.761753 ], [ 7.669958, 53.752275 ], [ 7.669464, 53.761255 ], [ 7.692058, 53.780563 ], [ 7.781343, 53.782216 ], [ 7.815808, 53.776544 ] ] ], [ [ [ 7.997383, 53.771563 ], [ 8.007463, 53.780717 ], [ 8.015974, 53.767372 ], [ 8.005641, 53.763608 ], [ 7.997383, 53.771563 ] ] ], [ [ [ 7.960192, 53.779937 ], [ 7.915592, 53.778286 ], [ 7.875617, 53.789284 ], [ 7.868416, 53.775675 ], [ 7.855059, 53.779936 ], [ 7.844097, 53.788732 ], [ 7.85433, 53.794306 ], [ 7.90687, 53.795217 ], [ 7.960192, 53.779937 ] ] ], [ [ [ 8.135665, 53.7342 ], [ 8.191027, 53.728741 ], [ 8.159783, 53.722881 ], [ 8.147258, 53.709208 ], [ 8.128627, 53.715216 ], [ 8.12378, 53.706153 ], [ 8.115556, 53.714116 ], [ 8.135665, 53.7342 ] ] ], [ [ [ 8.0089, 53.750177 ], [ 8.003397, 53.755481 ], [ 8.010976, 53.761897 ], [ 8.02473, 53.748637 ], [ 8.014401, 53.744874 ], [ 8.0089, 53.750177 ] ] ] ] } },
{ "type": "Feature", "properties": { "state_id": 4, "name": "Bremen" }, "geometry": { "type": "MultiPolygon", "coordinates": [ [ [ [ 8.578214, 53.217073 ], [ 8.599068, 53.213722 ], [ 8.579042, 53.191917 ], [ 8.592259, 53.183983 ], [ 8.628067, 53.198775 ], [ 8.656934, 53.187416 ], [ 8.659831, 53.177561 ], [ 8.672698, 53.1804 ], [ 8.683168, 53.176919 ], [ 8.701108, 53.183405 ], [ 8.706558, 53.174476 ], [ 8.71665, 53.183571 ], [ 8.745483, 53.17219 ], [ 8.740513, 53.164948 ], [ 8.779428, 53.162652 ], [ 8.831162, 53.164961 ], [ 8.863084, 53.132912 ], [ 8.909657, 53.133341 ], [ 8.940222, 53.153385 ], [ 8.982233, 53.128583 ], [ 8.946319, 53.115693 ], [ 8.959575, 53.102327 ], [ 8.990728, 53.0972 ], [ 8.962569, 53.085277 ], [ 8.96061, 53.059198 ], [ 8.979008, 53.045875 ], [ 8.950886, 53.03395 ], [ 8.935838, 53.015844 ], [ 8.915284, 53.012065 ], [ 8.88939, 53.015424 ], [ 8.865533, 53.039467 ], [ 8.863305, 53.025966 ], [ 8.871118, 53.023343 ], [ 8.848057, 53.016833 ], [ 8.845309, 53.023098 ], [ 8.837735, 53.016734 ], [ 8.819501, 53.022848 ], [ 8.777754, 53.038609 ], [ 8.769627, 53.052007 ], [ 8.754545, 53.037473 ], [ 8.744114, 53.040959 ], [ 8.731389, 53.034535 ], [ 8.710471, 53.0433 ], [ 8.712119, 53.074774 ], [ 8.673005, 53.086034 ], [ 8.669951, 53.101279 ], [ 8.65416, 53.110092 ], [ 8.616004, 53.170776 ], [ 8.574395, 53.175685 ], [ 8.529971, 53.186837 ], [ 8.487392, 53.218667 ], [ 8.484516, 53.226721 ], [ 8.515629, 53.227106 ], [ 8.552593, 53.207781 ], [ 8.578214, 53.217073 ] ] ], [ [ [ 8.617597, 53.605792 ], [ 8.649102, 53.60255 ], [ 8.626401, 53.576233 ], [ 8.615886, 53.577911 ], [ 8.632321, 53.55473 ], [ 8.645413, 53.553977 ], [ 8.638407, 53.527835 ], [ 8.651888, 53.514504 ], [ 8.63657, 53.503549 ], [ 8.6059, 53.483428 ], [ 8.589953, 53.492232 ], [ 8.571901, 53.48573 ], [ 8.576759, 53.496572 ], [ 8.549997, 53.516029 ], [ 8.554792, 53.528668 ], [ 8.55965, 53.539511 ], [ 8.494749, 53.60164 ], [ 8.520718, 53.607351 ], [ 8.589209, 53.593783 ], [ 8.617597, 53.605792 ] ] ] ] } },
{ "type": "Feature", "properties": { "state_id": 5, "name": "Nordrhein-Westfalen" }, "geometry": { "type": "Polygon", "coordinates": [ [ [ 6.369596, 50.40962 ], [ 6.3763, 50.44943 ], [ 6.341083, 50.462711 ], [ 6.339688, 50.480666 ], [ 6.351251, 50.489134 ], [ 6.316277, 50.498816 ], [ 6.245063, 50.502808 ], [ 6.226274, 50.493192 ], [ 6.209478, 50.519639 ], [ 6.187014, 50.525195 ], [ 6.200638, 50.538247 ], [ 6.175943, 50.541028 ], [ 6.174482, 50.55898 ], [ 6.203054, 50.568928 ], [ 6.223372, 50.590297 ], [ 6.243061, 50.589142 ], [ 6.26089, 50.611323 ], [ 6.271899, 50.626979 ], [ 6.249822, 50.627162 ], [ 6.202713, 50.633716 ], [ 6.176474, 50.624747 ], [ 6.170118, 50.642536 ], [ 6.184354, 50.648409 ], [ 6.142262, 50.683006 ], [ 6.119406, 50.72184 ], [ 6.070412, 50.720179 ], [ 6.045157, 50.728316 ], [ 6.038491, 50.719986 ], [ 6.032526, 50.732382 ], [ 6.041414, 50.743488 ], [ 6.018363, 50.754395 ], [ 6.028864, 50.775459 ], [ 5.972744, 50.798715 ], [ 5.98163, 50.809826 ], [ 6.009318, 50.802686 ], [ 6.027573, 50.819517 ], [ 6.017985, 50.845288 ], [ 6.053839, 50.858219 ], [ 6.056828, 50.852021 ], [ 6.074402, 50.84812 ], [ 6.089561, 50.872934 ], [ 6.076138, 50.885979 ], [ 6.08639, 50.910627 ], [ 6.092939, 50.920749 ], [ 6.068337, 50.919915 ], [ 6.050125, 50.930994 ], [ 6.022827, 50.932759 ], [ 6.01652, 50.948743 ], [ 6.008286, 50.958359 ], [ 6.028371, 50.983351 ], [ 5.967022, 50.97853 ], [ 5.958929, 50.986348 ], [ 5.898218, 50.974312 ], [ 5.892657, 50.981316 ], [ 5.904417, 50.988033 ], [ 5.905533, 51.003374 ], [ 5.876909, 51.01946 ], [ 5.877536, 51.040185 ], [ 5.86671, 51.050601 ], [ 5.891378, 51.051478 ], [ 5.914778, 51.066706 ], [ 5.937358, 51.035097 ], [ 5.954699, 51.034804 ], [ 5.970946, 51.04707 ], [ 5.981018, 51.073521 ], [ 6.05246, 51.106574 ], [ 6.059028, 51.116697 ], [ 6.078487, 51.120956 ], [ 6.101831, 51.137942 ], [ 6.155614, 51.146934 ], [ 6.174499, 51.158357 ], [ 6.138526, 51.173365 ], [ 6.177212, 51.185443 ], [ 6.161618, 51.193928 ], [ 6.101649, 51.169434 ], [ 6.081556, 51.172358 ], [ 6.065126, 51.2195 ], [ 6.084629, 51.223758 ], [ 6.081771, 51.228162 ], [ 6.075439, 51.244147 ], [ 6.125122, 51.27371 ], [ 6.152164, 51.307004 ], [ 6.172321, 51.333764 ], [ 6.194588, 51.335393 ], [ 6.196252, 51.345346 ], [ 6.22698, 51.365242 ], [ 6.214818, 51.391843 ], [ 6.22658, 51.400323 ], [ 6.203982, 51.402289 ], [ 6.224101, 51.460532 ], [ 6.219606, 51.484682 ], [ 6.200924, 51.529068 ], [ 6.182947, 51.534781 ], [ 6.157857, 51.565455 ], [ 6.134412, 51.576381 ], [ 6.1229, 51.593998 ], [ 6.097165, 51.602141 ], [ 6.096086, 51.614704 ], [ 6.11784, 51.653221 ], [ 6.033393, 51.672892 ], [ 6.025402, 51.706818 ], [ 6.044639, 51.716466 ], [ 6.031258, 51.725914 ], [ 5.994938, 51.739079 ], [ 5.952127, 51.74031 ], [ 5.953748, 51.750266 ], [ 5.992554, 51.765995 ], [ 5.984319, 51.773813 ], [ 5.990962, 51.783939 ], [ 5.972855, 51.789619 ], [ 5.966238, 51.807391 ], [ 5.945691, 51.812084 ], [ 5.960419, 51.81619 ], [ 5.946991, 51.825628 ], [ 5.96351, 51.837895 ], [ 5.994424, 51.829953 ], [ 6.036058, 51.843062 ], [ 6.064299, 51.865607 ], [ 6.093403, 51.849479 ], [ 6.167051, 51.842003 ], [ 6.167807, 51.862723 ], [ 6.147409, 51.865657 ], [ 6.138106, 51.886048 ], [ 6.11495, 51.891585 ], [ 6.109304, 51.898597 ], [ 6.119048, 51.902518 ], [ 6.134437, 51.899425 ], [ 6.156522, 51.906446 ], [ 6.174652, 51.900738 ], [ 6.190645, 51.890459 ], [ 6.183943, 51.880344 ], [ 6.215298, 51.86696 ], [ 6.290357, 51.872948 ], [ 6.304905, 51.849113 ], [ 6.350101, 51.850523 ], [ 6.36589, 51.842015 ], [ 6.361448, 51.83468 ], [ 6.389275, 51.832838 ], [ 6.409785, 51.828068 ], [ 6.401038, 51.843095 ], [ 6.410223, 51.854172 ], [ 6.392142, 51.859917 ], [ 6.391136, 51.872482 ], [ 6.475659, 51.85435 ], [ 6.546222, 51.886129 ], [ 6.561576, 51.88298 ], [ 6.575972, 51.892396 ], [ 6.635764, 51.901315 ], [ 6.674931, 51.91682 ], [ 6.695316, 51.913795 ], [ 6.721774, 51.896544 ], [ 6.746396, 51.904422 ], [ 6.753486, 51.910915 ], [ 6.785218, 51.925277 ], [ 6.799163, 51.941847 ], [ 6.797884, 51.959802 ], [ 6.827843, 51.964209 ], [ 6.825813, 51.992938 ], [ 6.813152, 51.993496 ], [ 6.760299, 52.026237 ], [ 6.718907, 52.039486 ], [ 6.685922, 52.041264 ], [ 6.684993, 52.053831 ], [ 6.693891, 52.070272 ], [ 6.7366, 52.074157 ], [ 6.751092, 52.083551 ], [ 6.7428, 52.093218 ], [ 6.760021, 52.099987 ], [ 6.758719, 52.117941 ], [ 6.842288, 52.117503 ], [ 6.866925, 52.127152 ], [ 6.880083, 52.156281 ], [ 6.907092, 52.168682 ], [ 6.906594, 52.175864 ], [ 6.951889, 52.180636 ], [ 6.981928, 52.223676 ], [ 7.032585, 52.224955 ], [ 7.066983, 52.241999 ], [ 7.102458, 52.242871 ], [ 7.126524, 52.263241 ], [ 7.207653, 52.265178 ], [ 7.212724, 52.265297 ], [ 7.215316, 52.264459 ], [ 7.217795, 52.265416 ], [ 7.29915, 52.263699 ], [ 7.318459, 52.280323 ], [ 7.328605, 52.280552 ], [ 7.36596, 52.293076 ], [ 7.385307, 52.30969 ], [ 7.4283, 52.313326 ], [ 7.439802, 52.334255 ], [ 7.45981, 52.34008 ], [ 7.531923, 52.369473 ], [ 7.544681, 52.368838 ], [ 7.562424, 52.370102 ], [ 7.569606, 52.378341 ], [ 7.582465, 52.375906 ], [ 7.571903, 52.382883 ], [ 7.603159, 52.416784 ], [ 7.571739, 52.432331 ], [ 7.580644, 52.455889 ], [ 7.607638, 52.475316 ], [ 7.685204, 52.45527 ], [ 7.701325, 52.439399 ], [ 7.71355, 52.400076 ], [ 7.752115, 52.392719 ], [ 7.783353, 52.378921 ], [ 7.81172, 52.371355 ], [ 7.849982, 52.369356 ], [ 7.890142, 52.380863 ], [ 7.921413, 52.365232 ], [ 7.936747, 52.363701 ], [ 7.939914, 52.350271 ], [ 7.955326, 52.346941 ], [ 7.94816, 52.336929 ], [ 7.966477, 52.325556 ], [ 7.990268, 52.305285 ], [ 7.952067, 52.307329 ], [ 7.929514, 52.300645 ], [ 7.930099, 52.288069 ], [ 7.956134, 52.274136 ], [ 7.923786, 52.260089 ], [ 7.925042, 52.233141 ], [ 7.922969, 52.223215 ], [ 7.898309, 52.208396 ], [ 7.903882, 52.197707 ], [ 7.930038, 52.180186 ], [ 7.970947, 52.171904 ], [ 8.016503, 52.172675 ], [ 8.022122, 52.160183 ], [ 7.999391, 52.158902 ], [ 8.008863, 52.116809 ], [ 7.968419, 52.116122 ], [ 7.948857, 52.1014 ], [ 7.898658, 52.093326 ], [ 7.886408, 52.085017 ], [ 7.918222, 52.053216 ], [ 7.982095, 52.037242 ], [ 8.028734, 52.067696 ], [ 8.054219, 52.062725 ], [ 8.053985, 52.068115 ], [ 8.092052, 52.06424 ], [ 8.094844, 52.057992 ], [ 8.134639, 52.073011 ], [ 8.175046, 52.073641 ], [ 8.19525, 52.073951 ], [ 8.202285, 52.087543 ], [ 8.224202, 52.10855 ], [ 8.261661, 52.120792 ], [ 8.268863, 52.130786 ], [ 8.286461, 52.133739 ], [ 8.307305, 52.117858 ], [ 8.314652, 52.124256 ], [ 8.339936, 52.124613 ], [ 8.368241, 52.111523 ], [ 8.398703, 52.108343 ], [ 8.411117, 52.114803 ], [ 8.402988, 52.129975 ], [ 8.410287, 52.138163 ], [ 8.452694, 52.155804 ], [ 8.462939, 52.152342 ], [ 8.480436, 52.15886 ], [ 8.517529, 52.185397 ], [ 8.474209, 52.192937 ], [ 8.44313, 52.212308 ], [ 8.462841, 52.228745 ], [ 8.466611, 52.266547 ], [ 8.463734, 52.276397 ], [ 8.457725, 52.303286 ], [ 8.47014, 52.311536 ], [ 8.448949, 52.336429 ], [ 8.445497, 52.362452 ], [ 8.393941, 52.381542 ], [ 8.316831, 52.402049 ], [ 8.323682, 52.42282 ], [ 8.302768, 52.436906 ], [ 8.310029, 52.446897 ], [ 8.296984, 52.454801 ], [ 8.31213, 52.458612 ], [ 8.320012, 52.452432 ], [ 8.350577, 52.452859 ], [ 8.361165, 52.442218 ], [ 8.37122, 52.445952 ], [ 8.394043, 52.448958 ], [ 8.411969, 52.446502 ], [ 8.417191, 52.442976 ], [ 8.419449, 52.451096 ], [ 8.43228, 52.448569 ], [ 8.454795, 52.460548 ], [ 8.466256, 52.497549 ], [ 8.484074, 52.498676 ], [ 8.506507, 52.514239 ], [ 8.555473, 52.499562 ], [ 8.651387, 52.533043 ], [ 8.669658, 52.519766 ], [ 8.687543, 52.519065 ], [ 8.700854, 52.500336 ], [ 8.712207, 52.460912 ], [ 8.702648, 52.439237 ], [ 8.718188, 52.430418 ], [ 8.703227, 52.41947 ], [ 8.708999, 52.396164 ], [ 8.714191, 52.392625 ], [ 8.724108, 52.40172 ], [ 8.744871, 52.38756 ], [ 8.772678, 52.394141 ], [ 8.787795, 52.399689 ], [ 8.851707, 52.388639 ], [ 8.86674, 52.397771 ], [ 8.869445, 52.391505 ], [ 8.892184, 52.39801 ], [ 8.894526, 52.406121 ], [ 8.902316, 52.399902 ], [ 8.904705, 52.406215 ], [ 8.922585, 52.403682 ], [ 8.935373, 52.401101 ], [ 8.942642, 52.416445 ], [ 8.988131, 52.43122 ], [ 8.977822, 52.436525 ], [ 8.987885, 52.442003 ], [ 8.980016, 52.451822 ], [ 9.000274, 52.457387 ], [ 9.012993, 52.458392 ], [ 9.027767, 52.48188 ], [ 9.043101, 52.480207 ], [ 9.050305, 52.500936 ], [ 9.093753, 52.49678 ], [ 9.134941, 52.477314 ], [ 9.102188, 52.458198 ], [ 9.09482, 52.444661 ], [ 9.126024, 52.41254 ], [ 9.118692, 52.397207 ], [ 9.096031, 52.385354 ], [ 9.098848, 52.371894 ], [ 9.076392, 52.35105 ], [ 9.053766, 52.339188 ], [ 9.03076, 52.345294 ], [ 9.025913, 52.334469 ], [ 9.000708, 52.325273 ], [ 8.988314, 52.311686 ], [ 8.988845, 52.288323 ], [ 8.963674, 52.279118 ], [ 8.979023, 52.273858 ], [ 8.971639, 52.263908 ], [ 9.076261, 52.235109 ], [ 9.063831, 52.223327 ], [ 9.033418, 52.223083 ], [ 9.046378, 52.209707 ], [ 9.044403, 52.183626 ], [ 9.019081, 52.18342 ], [ 9.018844, 52.194203 ], [ 9.006321, 52.187807 ], [ 8.998542, 52.195831 ], [ 8.988451, 52.193947 ], [ 9.009192, 52.172552 ], [ 9.021869, 52.171758 ], [ 9.011863, 52.166283 ], [ 9.019791, 52.151069 ], [ 9.010028, 52.13481 ], [ 9.037755, 52.139532 ], [ 9.067924, 52.148761 ], [ 9.070622, 52.140694 ], [ 9.10116, 52.131942 ], [ 9.1238, 52.138403 ], [ 9.151746, 52.132315 ], [ 9.159621, 52.117092 ], [ 9.144519, 52.113389 ], [ 9.134753, 52.095342 ], [ 9.154937, 52.097286 ], [ 9.155073, 52.090096 ], [ 9.175354, 52.086644 ], [ 9.195859, 52.070608 ], [ 9.173375, 52.056971 ], [ 9.173607, 52.04439 ], [ 9.173805, 52.033606 ], [ 9.194254, 52.019366 ], [ 9.179444, 52.001289 ], [ 9.194673, 51.996001 ], [ 9.174764, 51.981483 ], [ 9.192748, 51.962733 ], [ 9.210371, 51.963751 ], [ 9.220263, 51.974602 ], [ 9.263067, 51.977573 ], [ 9.288586, 51.957957 ], [ 9.263568, 51.947018 ], [ 9.278767, 51.941719 ], [ 9.271372, 51.931787 ], [ 9.294217, 51.920242 ], [ 9.309267, 51.923926 ], [ 9.332019, 51.917766 ], [ 9.347539, 51.889092 ], [ 9.337952, 51.856682 ], [ 9.360462, 51.864895 ], [ 9.400811, 51.85612 ], [ 9.458555, 51.862691 ], [ 9.461166, 51.854614 ], [ 9.431181, 51.840092 ], [ 9.43891, 51.82485 ], [ 9.426521, 51.811308 ], [ 9.444332, 51.792519 ], [ 9.416962, 51.773512 ], [ 9.409516, 51.767184 ], [ 9.384574, 51.75627 ], [ 9.379803, 51.738269 ], [ 9.392424, 51.732043 ], [ 9.394967, 51.72936 ], [ 9.394991, 51.727563 ], [ 9.387653, 51.714042 ], [ 9.395207, 51.711385 ], [ 9.40276, 51.708727 ], [ 9.402902, 51.697942 ], [ 9.385452, 51.691561 ], [ 9.39571, 51.673638 ], [ 9.37827, 51.667255 ], [ 9.373511, 51.649253 ], [ 9.418601, 51.64589 ], [ 9.436038, 51.652267 ], [ 9.438574, 51.649583 ], [ 9.433771, 51.633381 ], [ 9.398868, 51.624219 ], [ 9.373808, 51.627683 ], [ 9.371419, 51.619581 ], [ 9.338948, 51.616706 ], [ 9.339027, 51.611314 ], [ 9.371792, 51.592619 ], [ 9.319911, 51.551881 ], [ 9.310494, 51.514075 ], [ 9.270661, 51.50844 ], [ 9.265845, 51.497624 ], [ 9.240904, 51.497465 ], [ 9.216211, 51.48292 ], [ 9.218873, 51.473051 ], [ 9.216581, 51.46135 ], [ 9.174167, 51.463755 ], [ 9.154629, 51.442042 ], [ 9.137073, 51.448206 ], [ 9.092301, 51.444271 ], [ 9.076919, 51.465724 ], [ 9.093919, 51.488329 ], [ 9.083693, 51.500834 ], [ 9.043786, 51.500514 ], [ 9.020973, 51.517404 ], [ 8.971275, 51.507989 ], [ 8.889547, 51.482972 ], [ 8.920357, 51.445506 ], [ 8.918227, 51.430205 ], [ 8.948193, 51.426883 ], [ 8.939108, 51.389047 ], [ 8.884284, 51.392131 ], [ 8.849811, 51.377414 ], [ 8.799688, 51.391292 ], [ 8.73057, 51.370784 ], [ 8.698061, 51.376719 ], [ 8.678267, 51.3729 ], [ 8.683602, 51.360375 ], [ 8.656437, 51.353773 ], [ 8.656805, 51.341192 ], [ 8.634357, 51.343628 ], [ 8.622119, 51.337191 ], [ 8.593345, 51.302686 ], [ 8.573759, 51.293458 ], [ 8.556804, 51.279765 ], [ 8.564558, 51.269971 ], [ 8.576993, 51.269225 ], [ 8.597502, 51.247898 ], [ 8.609984, 51.24535 ], [ 8.629343, 51.261762 ], [ 8.678809, 51.267727 ], [ 8.693442, 51.276882 ], [ 8.720817, 51.274489 ], [ 8.736004, 51.263867 ], [ 8.729231, 51.239521 ], [ 8.739741, 51.21806 ], [ 8.767223, 51.210264 ], [ 8.747787, 51.195673 ], [ 8.755729, 51.176879 ], [ 8.748568, 51.166914 ], [ 8.692564, 51.133034 ], [ 8.700416, 51.117839 ], [ 8.720302, 51.114464 ], [ 8.676146, 51.101383 ], [ 8.639246, 51.094663 ], [ 8.599421, 51.10318 ], [ 8.549973, 51.102573 ], [ 8.501341, 51.076782 ], [ 8.521338, 51.069847 ], [ 8.529007, 51.061853 ], [ 8.505002, 51.039968 ], [ 8.519759, 51.041956 ], [ 8.537638, 51.023303 ], [ 8.528165, 51.010596 ], [ 8.503781, 51.001293 ], [ 8.499254, 50.988648 ], [ 8.474886, 50.979339 ], [ 8.477676, 50.969486 ], [ 8.465379, 50.968424 ], [ 8.449113, 50.938538 ], [ 8.459563, 50.920696 ], [ 8.420527, 50.90938 ], [ 8.39148, 50.894594 ], [ 8.38718, 50.876552 ], [ 8.367624, 50.872681 ], [ 8.37043, 50.86283 ], [ 8.358164, 50.861758 ], [ 8.308974, 50.861049 ], [ 8.293428, 50.8824 ], [ 8.281092, 50.883116 ], [ 8.259182, 50.876494 ], [ 8.233108, 50.850023 ], [ 8.199241, 50.835114 ], [ 8.18235, 50.826757 ], [ 8.168522, 50.80316 ], [ 8.127307, 50.789011 ], [ 8.168639, 50.737521 ], [ 8.143334, 50.694853 ], [ 8.128559, 50.696413 ], [ 8.124089, 50.685549 ], [ 8.098786, 50.704918 ], [ 8.074276, 50.704511 ], [ 8.059942, 50.695278 ], [ 8.040187, 50.698541 ], [ 8.041548, 50.724642 ], [ 8.026456, 50.733377 ], [ 8.011206, 50.745704 ], [ 7.983486, 50.762309 ], [ 7.965486, 50.780877 ], [ 7.976398, 50.812542 ], [ 7.971329, 50.81605 ], [ 7.971251, 50.817847 ], [ 7.980378, 50.834193 ], [ 7.96805, 50.834876 ], [ 7.962585, 50.847369 ], [ 7.930585, 50.8477 ], [ 7.920912, 50.843929 ], [ 7.906001, 50.847257 ], [ 7.885029, 50.875651 ], [ 7.852926, 50.877757 ], [ 7.830494, 50.883633 ], [ 7.827572, 50.89347 ], [ 7.850686, 50.926275 ], [ 7.825893, 50.929409 ], [ 7.803092, 50.942467 ], [ 7.785891, 50.94124 ], [ 7.767048, 50.922893 ], [ 7.737764, 50.916929 ], [ 7.760743, 50.900289 ], [ 7.747542, 50.867659 ], [ 7.762558, 50.862555 ], [ 7.753241, 50.851582 ], [ 7.76342, 50.844585 ], [ 7.728744, 50.849305 ], [ 7.707547, 50.830001 ], [ 7.697983, 50.824415 ], [ 7.663765, 50.82013 ], [ 7.682168, 50.796219 ], [ 7.682257, 50.794423 ], [ 7.675473, 50.782595 ], [ 7.658154, 50.784943 ], [ 7.663693, 50.772464 ], [ 7.658965, 50.768771 ], [ 7.614792, 50.767867 ], [ 7.597753, 50.764815 ], [ 7.59377, 50.746745 ], [ 7.591641, 50.740405 ], [ 7.557119, 50.743276 ], [ 7.535093, 50.741908 ], [ 7.51864, 50.728064 ], [ 7.503737, 50.73134 ], [ 7.482298, 50.719182 ], [ 7.477493, 50.717278 ], [ 7.460188, 50.719596 ], [ 7.441069, 50.710179 ], [ 7.438569, 50.711023 ], [ 7.421463, 50.709742 ], [ 7.411163, 50.718506 ], [ 7.371944, 50.717618 ], [ 7.360752, 50.698474 ], [ 7.37136, 50.684325 ], [ 7.36227, 50.671525 ], [ 7.359872, 50.670571 ], [ 7.356292, 50.647102 ], [ 7.312754, 50.637099 ], [ 7.269339, 50.625283 ], [ 7.213025, 50.624833 ], [ 7.209136, 50.649026 ], [ 7.194667, 50.645076 ], [ 7.188564, 50.624238 ], [ 7.172145, 50.612141 ], [ 7.154864, 50.614414 ], [ 7.145847, 50.601597 ], [ 7.115847, 50.611643 ], [ 7.102505, 50.589718 ], [ 7.088063, 50.585755 ], [ 7.06, 50.603932 ], [ 7.043055, 50.600799 ], [ 6.998846, 50.564569 ], [ 6.981689, 50.565019 ], [ 6.972496, 50.555781 ], [ 6.955342, 50.556227 ], [ 6.952376, 50.564246 ], [ 6.928185, 50.560003 ], [ 6.932326, 50.534023 ], [ 6.918032, 50.528243 ], [ 6.881481, 50.526357 ], [ 6.896835, 50.515976 ], [ 6.890168, 50.505899 ], [ 6.905041, 50.502702 ], [ 6.902406, 50.468443 ], [ 6.873512, 50.462261 ], [ 6.859486, 50.452881 ], [ 6.85699, 50.453712 ], [ 6.81691, 50.468802 ], [ 6.808199, 50.489254 ], [ 6.767051, 50.483604 ], [ 6.743785, 50.46675 ], [ 6.760539, 50.471723 ], [ 6.756158, 50.464401 ], [ 6.766276, 50.459289 ], [ 6.745521, 50.441606 ], [ 6.746016, 50.434422 ], [ 6.767999, 50.434144 ], [ 6.771111, 50.424334 ], [ 6.785967, 50.421153 ], [ 6.779702, 50.405681 ], [ 6.768452, 50.391868 ], [ 6.786769, 50.373488 ], [ 6.801608, 50.370304 ], [ 6.799844, 50.360357 ], [ 6.79498, 50.360221 ], [ 6.780022, 50.3652 ], [ 6.699085, 50.337701 ], [ 6.667388, 50.372776 ], [ 6.65567, 50.366135 ], [ 6.652077, 50.348034 ], [ 6.637745, 50.344014 ], [ 6.619895, 50.355187 ], [ 6.628342, 50.373433 ], [ 6.60376, 50.376306 ], [ 6.602985, 50.387081 ], [ 6.591014, 50.384026 ], [ 6.581672, 50.378348 ], [ 6.546036, 50.365581 ], [ 6.543145, 50.371793 ], [ 6.533679, 50.367907 ], [ 6.515017, 50.356542 ], [ 6.502661, 50.358865 ], [ 6.503192, 50.351682 ], [ 6.48704, 50.339488 ], [ 6.448153, 50.338288 ], [ 6.459835, 50.34495 ], [ 6.461124, 50.360288 ], [ 6.44809, 50.371584 ], [ 6.43154, 50.36477 ], [ 6.421541, 50.368057 ], [ 6.416269, 50.373292 ], [ 6.395854, 50.385251 ], [ 6.38626, 50.383149 ], [ 6.405814, 50.350466 ], [ 6.409403, 50.335279 ], [ 6.424256, 50.332144 ], [ 6.425069, 50.32137 ], [ 6.405361, 50.324353 ], [ 6.391229, 50.350007 ], [ 6.34025, 50.378988 ], [ 6.369596, 50.40962 ] ] ] } },
{ "type": "Feature", "properties": { "state_id": 6, "name": "Hessen" }, "geometry": { "type": "Polygon", "coordinates": [ [ [ 8.428552, 49.716197 ], [ 8.444925, 49.729914 ], [ 8.449613, 49.733576 ], [ 8.480072, 49.758272 ], [ 8.474925, 49.768995 ], [ 8.441392, 49.764941 ], [ 8.417064, 49.773598 ], [ 8.414335, 49.783453 ], [ 8.399253, 49.803028 ], [ 8.389211, 49.815477 ], [ 8.384279, 49.819004 ], [ 8.376788, 49.826992 ], [ 8.376546, 49.834183 ], [ 8.385872, 49.84331 ], [ 8.375636, 49.861151 ], [ 8.358687, 49.863606 ], [ 8.341241, 49.88044 ], [ 8.347757, 49.901221 ], [ 8.35709, 49.91035 ], [ 8.34921, 49.929122 ], [ 8.346643, 49.933582 ], [ 8.344015, 49.939839 ], [ 8.34358, 49.952423 ], [ 8.316, 49.981697 ], [ 8.288963, 49.994784 ], [ 8.249144, 50.026555 ], [ 8.188431, 50.0337 ], [ 8.176313, 50.034406 ], [ 8.157119, 50.030499 ], [ 8.137997, 50.024792 ], [ 8.085489, 50.007732 ], [ 8.051749, 50.005361 ], [ 7.987335, 49.985352 ], [ 7.977907, 49.979788 ], [ 7.946643, 49.97653 ], [ 7.879223, 49.971696 ], [ 7.866877, 49.977761 ], [ 7.861729, 49.98486 ], [ 7.860766, 50.006429 ], [ 7.831134, 50.02026 ], [ 7.803695, 50.038623 ], [ 7.781487, 50.048087 ], [ 7.7714, 50.056884 ], [ 7.775733, 50.067763 ], [ 7.792286, 50.07618 ], [ 7.801629, 50.083556 ], [ 7.804007, 50.084501 ], [ 7.835575, 50.082407 ], [ 7.830166, 50.094896 ], [ 7.836814, 50.108514 ], [ 7.852906, 50.127707 ], [ 7.867674, 50.122587 ], [ 7.880138, 50.114725 ], [ 7.909027, 50.118856 ], [ 7.926715, 50.10209 ], [ 7.929017, 50.10483 ], [ 7.920465, 50.134355 ], [ 7.929683, 50.145315 ], [ 7.917454, 50.147791 ], [ 7.914993, 50.148645 ], [ 7.900459, 50.148379 ], [ 7.912453, 50.151297 ], [ 7.902447, 50.158309 ], [ 7.895536, 50.150087 ], [ 7.895297, 50.155479 ], [ 7.899984, 50.159163 ], [ 7.882665, 50.166938 ], [ 7.889576, 50.17516 ], [ 7.882106, 50.179519 ], [ 7.905949, 50.188953 ], [ 7.912867, 50.197174 ], [ 7.905395, 50.201534 ], [ 7.907781, 50.202478 ], [ 7.943962, 50.207631 ], [ 7.948425, 50.216705 ], [ 7.950735, 50.219445 ], [ 7.986781, 50.22818 ], [ 7.988865, 50.236311 ], [ 7.9988, 50.231089 ], [ 8.003804, 50.227579 ], [ 8.011496, 50.217821 ], [ 8.033441, 50.215502 ], [ 8.040162, 50.229108 ], [ 8.047553, 50.226537 ], [ 8.059281, 50.236629 ], [ 8.034566, 50.246999 ], [ 8.021943, 50.258473 ], [ 8.029041, 50.263092 ], [ 8.043239, 50.272329 ], [ 8.057812, 50.272578 ], [ 8.102103, 50.258932 ], [ 8.111387, 50.269878 ], [ 8.12321, 50.278166 ], [ 8.120033, 50.297 ], [ 8.102556, 50.308402 ], [ 8.106915, 50.321065 ], [ 8.084707, 50.328789 ], [ 8.069972, 50.332139 ], [ 8.077157, 50.334958 ], [ 8.069019, 50.355505 ], [ 8.071342, 50.358242 ], [ 8.063565, 50.369802 ], [ 8.043873, 50.374864 ], [ 8.043427, 50.385648 ], [ 8.016686, 50.384289 ], [ 8.019007, 50.387027 ], [ 8.020878, 50.400549 ], [ 8.008664, 50.401237 ], [ 7.994205, 50.397387 ], [ 7.981991, 50.398072 ], [ 7.989105, 50.402694 ], [ 7.981531, 50.408856 ], [ 7.969468, 50.405945 ], [ 7.966608, 50.415787 ], [ 7.976429, 50.414162 ], [ 7.988034, 50.427856 ], [ 7.987728, 50.435045 ], [ 7.975505, 50.43573 ], [ 7.989821, 50.443176 ], [ 7.99957, 50.443346 ], [ 8.01119, 50.457038 ], [ 7.996103, 50.467567 ], [ 7.988519, 50.47373 ], [ 7.980317, 50.49427 ], [ 7.989924, 50.498035 ], [ 7.984505, 50.510531 ], [ 7.989234, 50.514211 ], [ 7.993886, 50.519688 ], [ 7.996137, 50.524224 ], [ 8.024758, 50.540906 ], [ 8.036483, 50.552798 ], [ 8.043625, 50.557416 ], [ 8.071055, 50.544391 ], [ 8.071276, 50.538999 ], [ 8.103354, 50.531439 ], [ 8.117791, 50.537072 ], [ 8.110139, 50.54504 ], [ 8.119766, 50.548795 ], [ 8.13676, 50.551769 ], [ 8.145258, 50.584279 ], [ 8.151991, 50.599675 ], [ 8.127177, 50.608266 ], [ 8.140929, 50.631869 ], [ 8.120775, 50.645929 ], [ 8.115662, 50.651241 ], [ 8.110765, 50.651161 ], [ 8.110693, 50.652958 ], [ 8.113105, 50.653897 ], [ 8.109824, 50.674526 ], [ 8.121963, 50.677422 ], [ 8.124089, 50.685549 ], [ 8.128559, 50.696413 ], [ 8.143334, 50.694853 ], [ 8.168639, 50.737521 ], [ 8.127307, 50.789011 ], [ 8.168522, 50.80316 ], [ 8.18235, 50.826757 ], [ 8.199241, 50.835114 ], [ 8.233108, 50.850023 ], [ 8.259182, 50.876494 ], [ 8.281092, 50.883116 ], [ 8.293428, 50.8824 ], [ 8.308974, 50.861049 ], [ 8.358164, 50.861758 ], [ 8.37043, 50.86283 ], [ 8.367624, 50.872681 ], [ 8.38718, 50.876552 ], [ 8.39148, 50.894594 ], [ 8.420527, 50.90938 ], [ 8.459563, 50.920696 ], [ 8.449113, 50.938538 ], [ 8.465379, 50.968424 ], [ 8.477676, 50.969486 ], [ 8.474886, 50.979339 ], [ 8.499254, 50.988648 ], [ 8.503781, 51.001293 ], [ 8.528165, 51.010596 ], [ 8.537638, 51.023303 ], [ 8.519759, 51.041956 ], [ 8.505002, 51.039968 ], [ 8.529007, 51.061853 ], [ 8.521338, 51.069847 ], [ 8.501341, 51.076782 ], [ 8.549973, 51.102573 ], [ 8.599421, 51.10318 ], [ 8.639246, 51.094663 ], [ 8.676146, 51.101383 ], [ 8.720302, 51.114464 ], [ 8.700416, 51.117839 ], [ 8.692564, 51.133034 ], [ 8.748568, 51.166914 ], [ 8.755729, 51.176879 ], [ 8.747787, 51.195673 ], [ 8.767223, 51.210264 ], [ 8.739741, 51.21806 ], [ 8.729231, 51.239521 ], [ 8.736004, 51.263867 ], [ 8.720817, 51.274489 ], [ 8.693442, 51.276882 ], [ 8.678809, 51.267727 ], [ 8.629343, 51.261762 ], [ 8.609984, 51.24535 ], [ 8.597502, 51.247898 ], [ 8.576993, 51.269225 ], [ 8.564558, 51.269971 ], [ 8.556804, 51.279765 ], [ 8.573759, 51.293458 ], [ 8.593345, 51.302686 ], [ 8.622119, 51.337191 ], [ 8.634357, 51.343628 ], [ 8.656805, 51.341192 ], [ 8.656437, 51.353773 ], [ 8.683602, 51.360375 ], [ 8.678267, 51.3729 ], [ 8.698061, 51.376719 ], [ 8.73057, 51.370784 ], [ 8.799688, 51.391292 ], [ 8.849811, 51.377414 ], [ 8.884284, 51.392131 ], [ 8.939108, 51.389047 ], [ 8.948193, 51.426883 ], [ 8.918227, 51.430205 ], [ 8.920357, 51.445506 ], [ 8.889547, 51.482972 ], [ 8.971275, 51.507989 ], [ 9.020973, 51.517404 ], [ 9.043786, 51.500514 ], [ 9.083693, 51.500834 ], [ 9.093919, 51.488329 ], [ 9.076919, 51.465724 ], [ 9.092301, 51.444271 ], [ 9.137073, 51.448206 ], [ 9.154629, 51.442042 ], [ 9.174167, 51.463755 ], [ 9.216581, 51.46135 ], [ 9.218873, 51.473051 ], [ 9.216211, 51.48292 ], [ 9.240904, 51.497465 ], [ 9.265845, 51.497624 ], [ 9.270661, 51.50844 ], [ 9.310494, 51.514075 ], [ 9.319911, 51.551881 ], [ 9.371792, 51.592619 ], [ 9.339027, 51.611314 ], [ 9.338948, 51.616706 ], [ 9.371419, 51.619581 ], [ 9.373808, 51.627683 ], [ 9.398868, 51.624219 ], [ 9.433771, 51.633381 ], [ 9.438574, 51.649583 ], [ 9.453632, 51.646059 ], [ 9.46854, 51.655115 ], [ 9.483537, 51.65698 ], [ 9.498573, 51.655247 ], [ 9.496141, 51.648945 ], [ 9.488745, 51.639027 ], [ 9.49634, 51.63097 ], [ 9.523921, 51.624794 ], [ 9.536363, 51.631135 ], [ 9.54879, 51.639273 ], [ 9.561429, 51.625839 ], [ 9.583948, 51.625022 ], [ 9.591427, 51.627745 ], [ 9.596429, 51.627762 ], [ 9.611406, 51.631408 ], [ 9.62888, 51.635958 ], [ 9.634072, 51.612606 ], [ 9.684293, 51.582193 ], [ 9.686896, 51.56692 ], [ 9.671896, 51.568676 ], [ 9.634288, 51.585642 ], [ 9.624322, 51.582016 ], [ 9.624426, 51.569433 ], [ 9.647041, 51.552426 ], [ 9.624589, 51.549659 ], [ 9.60953, 51.558598 ], [ 9.609576, 51.553205 ], [ 9.617136, 51.545141 ], [ 9.622219, 51.534372 ], [ 9.609853, 51.520849 ], [ 9.592361, 51.523486 ], [ 9.584948, 51.51537 ], [ 9.617678, 51.480428 ], [ 9.640167, 51.474207 ], [ 9.645208, 51.467032 ], [ 9.635267, 51.463406 ], [ 9.628002, 51.437317 ], [ 9.643116, 51.415792 ], [ 9.630761, 51.404069 ], [ 9.605871, 51.403988 ], [ 9.578517, 51.401196 ], [ 9.573639, 51.390392 ], [ 9.558831, 51.377753 ], [ 9.576319, 51.369728 ], [ 9.566455, 51.360703 ], [ 9.54904, 51.361536 ], [ 9.536524, 51.369577 ], [ 9.531587, 51.365962 ], [ 9.549075, 51.357941 ], [ 9.556613, 51.34988 ], [ 9.57163, 51.33915 ], [ 9.581539, 51.342781 ], [ 9.609027, 51.325798 ], [ 9.633875, 51.325879 ], [ 9.629008, 51.31328 ], [ 9.63893, 51.315109 ], [ 9.661308, 51.312479 ], [ 9.668715, 51.318792 ], [ 9.696132, 51.305384 ], [ 9.698622, 51.304492 ], [ 9.708568, 51.30272 ], [ 9.711057, 51.301827 ], [ 9.716035, 51.300041 ], [ 9.718524, 51.299149 ], [ 9.728468, 51.297374 ], [ 9.765676, 51.305545 ], [ 9.775523, 51.323541 ], [ 9.763095, 51.324416 ], [ 9.773008, 51.329828 ], [ 9.765511, 51.337903 ], [ 9.748216, 51.318991 ], [ 9.738279, 51.318969 ], [ 9.728203, 51.342316 ], [ 9.703253, 51.356637 ], [ 9.705676, 51.366531 ], [ 9.742966, 51.369315 ], [ 9.765263, 51.38644 ], [ 9.800096, 51.386505 ], [ 9.792538, 51.407165 ], [ 9.80248, 51.410777 ], [ 9.817416, 51.410802 ], [ 9.842341, 51.40185 ], [ 9.844919, 51.375787 ], [ 9.867309, 51.374916 ], [ 9.857348, 51.378499 ], [ 9.849764, 51.415342 ], [ 9.869687, 51.413568 ], [ 9.879669, 51.404591 ], [ 9.88462, 51.415382 ], [ 9.904529, 51.418995 ], [ 9.907047, 51.405514 ], [ 9.93196, 51.39115 ], [ 9.927009, 51.374968 ], [ 9.927034, 51.358789 ], [ 9.924555, 51.354294 ], [ 9.946965, 51.326442 ], [ 9.946971, 51.321049 ], [ 9.939537, 51.305765 ], [ 9.959407, 51.305773 ], [ 9.97183, 51.299485 ], [ 9.974322, 51.284205 ], [ 9.984252, 51.284207 ], [ 10.006595, 51.286904 ], [ 10.056239, 51.277902 ], [ 10.058708, 51.268014 ], [ 10.043815, 51.264425 ], [ 10.051248, 51.254535 ], [ 10.071079, 51.243738 ], [ 10.078519, 51.242834 ], [ 10.068571, 51.224863 ], [ 10.100797, 51.222143 ], [ 10.108232, 51.221238 ], [ 10.118172, 51.230217 ], [ 10.113186, 51.219435 ], [ 10.120621, 51.218529 ], [ 10.145412, 51.218501 ], [ 10.150334, 51.207708 ], [ 10.167706, 51.213976 ], [ 10.20727, 51.19234 ], [ 10.234492, 51.185996 ], [ 10.229474, 51.173422 ], [ 10.207133, 51.161778 ], [ 10.209523, 51.142897 ], [ 10.202055, 51.133023 ], [ 10.211903, 51.122219 ], [ 10.192075, 51.113264 ], [ 10.172429, 51.151048 ], [ 10.145174, 51.142995 ], [ 10.127856, 51.145712 ], [ 10.117938, 51.138532 ], [ 10.150048, 51.119618 ], [ 10.172308, 51.118689 ], [ 10.174751, 51.110595 ], [ 10.157392, 51.097136 ], [ 10.147468, 51.086363 ], [ 10.154833, 51.071072 ], [ 10.1375, 51.059408 ], [ 10.147365, 51.054003 ], [ 10.1844, 51.049455 ], [ 10.201608, 51.03055 ], [ 10.216405, 51.026927 ], [ 10.211434, 51.019745 ], [ 10.194152, 51.018877 ], [ 10.204002, 51.013466 ], [ 10.184193, 50.997319 ], [ 10.137308, 50.994687 ], [ 10.125019, 51.011781 ], [ 10.102793, 51.00551 ], [ 10.053451, 51.014532 ], [ 10.033703, 51.010944 ], [ 10.018889, 50.994767 ], [ 10.041055, 50.952513 ], [ 10.06323, 50.94621 ], [ 10.045971, 50.938128 ], [ 9.984369, 50.939035 ], [ 9.97451, 50.944427 ], [ 9.94987, 50.940823 ], [ 9.952348, 50.92734 ], [ 9.95728, 50.921949 ], [ 9.962197, 50.932737 ], [ 9.984371, 50.933641 ], [ 9.9893, 50.928248 ], [ 9.969601, 50.913862 ], [ 9.97453, 50.906672 ], [ 10.004081, 50.922855 ], [ 10.023782, 50.913864 ], [ 10.050858, 50.900371 ], [ 10.043462, 50.890486 ], [ 10.055769, 50.889582 ], [ 10.05576, 50.88239 ], [ 10.023757, 50.865322 ], [ 10.018832, 50.852737 ], [ 10.038509, 50.85453 ], [ 10.036042, 50.844643 ], [ 10.0262, 50.833858 ], [ 10.00899, 50.836558 ], [ 9.99424, 50.82577 ], [ 9.977029, 50.833859 ], [ 9.950003, 50.81677 ], [ 9.95738, 50.812279 ], [ 9.942655, 50.796091 ], [ 9.954955, 50.779016 ], [ 9.947597, 50.770923 ], [ 9.947587, 50.779912 ], [ 9.940228, 50.773616 ], [ 9.927947, 50.776306 ], [ 9.925504, 50.768214 ], [ 9.920606, 50.761019 ], [ 9.93043, 50.757429 ], [ 9.942722, 50.742154 ], [ 9.935386, 50.723272 ], [ 9.90844, 50.706173 ], [ 9.923169, 50.695396 ], [ 9.881558, 50.671088 ], [ 9.879203, 50.634227 ], [ 9.90857, 50.639648 ], [ 9.928173, 50.628875 ], [ 9.959995, 50.627991 ], [ 9.967329, 50.641478 ], [ 9.947717, 50.663046 ], [ 9.996708, 50.677442 ], [ 10.048162, 50.674735 ], [ 10.055506, 50.668439 ], [ 10.070189, 50.657643 ], [ 10.072625, 50.649551 ], [ 10.07507, 50.646852 ], [ 10.075067, 50.645054 ], [ 10.077505, 50.63876 ], [ 10.079922, 50.619879 ], [ 10.050557, 50.623492 ], [ 10.035865, 50.614507 ], [ 10.038304, 50.604618 ], [ 10.05053, 50.59832 ], [ 10.043168, 50.572252 ], [ 10.052937, 50.563258 ], [ 10.062705, 50.556061 ], [ 10.048024, 50.539886 ], [ 10.043135, 50.536292 ], [ 10.043118, 50.518312 ], [ 10.038221, 50.502131 ], [ 10.030883, 50.479658 ], [ 10.021117, 50.467074 ], [ 9.999162, 50.460782 ], [ 9.986971, 50.445498 ], [ 9.965035, 50.433806 ], [ 9.962605, 50.423916 ], [ 9.938238, 50.420309 ], [ 9.884677, 50.398691 ], [ 9.872466, 50.410365 ], [ 9.850575, 50.398651 ], [ 9.806671, 50.412971 ], [ 9.809067, 50.422864 ], [ 9.804193, 50.422856 ], [ 9.789554, 50.426426 ], [ 9.779847, 50.417417 ], [ 9.765181, 50.426379 ], [ 9.755479, 50.417368 ], [ 9.753234, 50.380502 ], [ 9.731448, 50.357977 ], [ 9.741242, 50.347211 ], [ 9.746224, 50.325644 ], [ 9.748737, 50.310366 ], [ 9.729378, 50.294138 ], [ 9.709956, 50.290494 ], [ 9.702727, 50.280586 ], [ 9.693032, 50.276964 ], [ 9.671196, 50.272408 ], [ 9.65421, 50.269661 ], [ 9.642166, 50.256137 ], [ 9.639799, 50.248038 ], [ 9.669011, 50.237337 ], [ 9.622951, 50.229103 ], [ 9.620531, 50.228196 ], [ 9.620574, 50.222801 ], [ 9.596306, 50.222718 ], [ 9.579311, 50.223556 ], [ 9.576764, 50.237033 ], [ 9.571989, 50.228024 ], [ 9.540463, 50.225204 ], [ 9.537958, 50.233286 ], [ 9.513684, 50.233186 ], [ 9.501425, 50.244821 ], [ 9.494342, 50.225909 ], [ 9.5042, 50.211566 ], [ 9.521337, 50.196354 ], [ 9.501971, 50.192675 ], [ 9.502216, 50.169299 ], [ 9.526457, 50.169402 ], [ 9.531393, 50.160432 ], [ 9.514528, 50.150471 ], [ 9.512115, 50.149561 ], [ 9.507454, 50.131559 ], [ 9.519809, 50.107335 ], [ 9.517416, 50.104627 ], [ 9.515059, 50.098323 ], [ 9.510273, 50.092908 ], [ 9.481192, 50.096376 ], [ 9.46432, 50.090004 ], [ 9.447369, 50.090822 ], [ 9.425729, 50.079026 ], [ 9.403852, 50.087007 ], [ 9.374248, 50.130007 ], [ 9.345184, 50.129844 ], [ 9.328065, 50.141433 ], [ 9.318451, 50.135981 ], [ 9.308814, 50.132327 ], [ 9.282048, 50.140254 ], [ 9.257851, 50.138301 ], [ 9.233511, 50.145333 ], [ 9.202059, 50.14242 ], [ 9.182771, 50.136889 ], [ 9.192552, 50.131563 ], [ 9.161617, 50.099869 ], [ 9.152095, 50.090807 ], [ 9.139947, 50.093414 ], [ 9.154085, 50.1151 ], [ 9.13712, 50.115872 ], [ 9.122394, 50.126549 ], [ 9.071694, 50.118056 ], [ 9.037867, 50.114179 ], [ 9.028219, 50.112298 ], [ 9.016133, 50.111296 ], [ 9.004309, 50.097705 ], [ 8.992833, 50.067931 ], [ 8.990509, 50.063414 ], [ 8.983387, 50.057057 ], [ 8.97383, 50.051576 ], [ 8.983731, 50.040874 ], [ 9.010193, 50.047401 ], [ 9.024809, 50.042132 ], [ 9.034552, 50.038618 ], [ 9.032408, 50.025112 ], [ 9.039964, 50.00989 ], [ 9.047587, 49.99107 ], [ 9.018498, 49.996218 ], [ 9.016212, 49.989904 ], [ 9.026565, 49.955823 ], [ 9.019454, 49.949467 ], [ 9.032008, 49.925295 ], [ 9.025084, 49.909949 ], [ 9.037372, 49.898364 ], [ 9.035377, 49.877664 ], [ 9.050046, 49.866997 ], [ 9.033203, 49.865956 ], [ 9.043052, 49.855248 ], [ 9.03599, 49.847095 ], [ 9.053003, 49.839145 ], [ 9.052897, 49.84454 ], [ 9.060067, 49.847297 ], [ 9.060383, 49.831113 ], [ 9.084178, 49.845695 ], [ 9.077524, 49.815966 ], [ 9.087455, 49.79986 ], [ 9.092435, 49.790907 ], [ 9.111509, 49.800051 ], [ 9.126007, 49.796566 ], [ 9.133497, 49.781336 ], [ 9.116781, 49.774913 ], [ 9.107497, 49.756855 ], [ 9.129142, 49.756124 ], [ 9.131594, 49.753445 ], [ 9.151009, 49.7428 ], [ 9.143976, 49.732856 ], [ 9.139268, 49.727424 ], [ 9.132305, 49.713882 ], [ 9.120316, 49.71289 ], [ 9.125216, 49.707532 ], [ 9.125346, 49.700339 ], [ 9.106209, 49.696593 ], [ 9.087109, 49.691044 ], [ 9.08755, 49.667666 ], [ 9.104491, 49.659708 ], [ 9.100096, 49.63809 ], [ 9.064466, 49.620714 ], [ 9.067225, 49.601851 ], [ 9.081599, 49.601968 ], [ 9.103607, 49.577863 ], [ 9.099119, 49.56164 ], [ 9.082347, 49.562404 ], [ 9.082211, 49.569598 ], [ 9.072532, 49.574915 ], [ 9.072773, 49.562326 ], [ 9.08978, 49.548974 ], [ 9.085096, 49.54354 ], [ 9.113972, 49.534777 ], [ 9.126208, 49.519584 ], [ 9.107241, 49.510442 ], [ 9.097377, 49.526552 ], [ 9.078276, 49.524599 ], [ 9.059108, 49.526239 ], [ 9.042878, 49.500022 ], [ 9.028607, 49.496302 ], [ 8.985282, 49.510311 ], [ 8.971126, 49.501189 ], [ 8.951924, 49.50461 ], [ 8.956937, 49.493864 ], [ 8.931139, 49.471138 ], [ 8.9506, 49.455132 ], [ 8.943533, 49.450569 ], [ 8.926836, 49.449512 ], [ 8.924666, 49.439598 ], [ 8.910422, 49.435863 ], [ 8.900751, 49.441166 ], [ 8.891569, 49.424887 ], [ 8.884594, 49.416723 ], [ 8.851692, 49.394807 ], [ 8.832266, 49.408998 ], [ 8.818299, 49.394461 ], [ 8.803591, 49.410496 ], [ 8.808099, 49.421336 ], [ 8.829557, 49.422461 ], [ 8.838846, 49.43335 ], [ 8.833556, 49.454881 ], [ 8.826196, 49.462899 ], [ 8.826023, 49.470093 ], [ 8.852026, 49.482052 ], [ 8.856383, 49.500084 ], [ 8.835062, 49.491772 ], [ 8.820504, 49.500614 ], [ 8.819937, 49.523992 ], [ 8.805588, 49.523842 ], [ 8.796289, 49.51295 ], [ 8.774611, 49.519013 ], [ 8.765137, 49.515312 ], [ 8.745776, 49.524092 ], [ 8.726784, 49.518483 ], [ 8.733841, 49.52306 ], [ 8.716792, 49.534559 ], [ 8.709688, 49.53178 ], [ 8.704472, 49.54791 ], [ 8.682279, 49.571936 ], [ 8.68184, 49.58812 ], [ 8.698338, 49.598205 ], [ 8.690934, 49.606214 ], [ 8.6814, 49.604304 ], [ 8.671621, 49.611385 ], [ 8.685899, 49.615149 ], [ 8.673845, 49.617706 ], [ 8.680813, 49.625882 ], [ 8.597325, 49.611387 ], [ 8.597429, 49.60779 ], [ 8.590373, 49.603206 ], [ 8.590687, 49.592417 ], [ 8.602687, 49.591666 ], [ 8.618489, 49.541494 ], [ 8.609229, 49.530587 ], [ 8.580789, 49.521239 ], [ 8.552147, 49.519076 ], [ 8.49303, 49.574068 ], [ 8.461368, 49.59073 ], [ 8.423229, 49.584808 ], [ 8.413298, 49.595462 ], [ 8.408095, 49.607981 ], [ 8.381174, 49.624688 ], [ 8.365462, 49.664037 ], [ 8.35538, 49.678282 ], [ 8.361877, 49.699063 ], [ 8.399801, 49.713996 ], [ 8.428552, 49.716197 ] ] ] } },
{ "type": "Feature", "properties": { "state_id": 7, "name": "Rheinland-Pfalz" }, "geometry": { "type": "Polygon", "coordinates": [ [ [ 6.38415, 49.578432 ], [ 6.373775, 49.588901 ], [ 6.38281, 49.596392 ], [ 6.403881, 49.603366 ], [ 6.42403, 49.622909 ], [ 6.441205, 49.650454 ], [ 6.430827, 49.660929 ], [ 6.432494, 49.670882 ], [ 6.45101, 49.680466 ], [ 6.459678, 49.693339 ], [ 6.481063, 49.696706 ], [ 6.506209, 49.714587 ], [ 6.4957, 49.726863 ], [ 6.517492, 49.724835 ], [ 6.499849, 49.735992 ], [ 6.498936, 49.748564 ], [ 6.519571, 49.762701 ], [ 6.511522, 49.774154 ], [ 6.518014, 49.784254 ], [ 6.505415, 49.791967 ], [ 6.530877, 49.80625 ], [ 6.518405, 49.812167 ], [ 6.50944, 49.802892 ], [ 6.50645, 49.8109 ], [ 6.48215, 49.813749 ], [ 6.474214, 49.823403 ], [ 6.453303, 49.81285 ], [ 6.426928, 49.811122 ], [ 6.426528, 49.81651 ], [ 6.394805, 49.821806 ], [ 6.394267, 49.82899 ], [ 6.391795, 49.829811 ], [ 6.3587, 49.853056 ], [ 6.339728, 49.848846 ], [ 6.338075, 49.838891 ], [ 6.326256, 49.835808 ], [ 6.320072, 49.85361 ], [ 6.314021, 49.869616 ], [ 6.297383, 49.866374 ], [ 6.28431, 49.879449 ], [ 6.272484, 49.876361 ], [ 6.259821, 49.884046 ], [ 6.246873, 49.89532 ], [ 6.232004, 49.900229 ], [ 6.233355, 49.913776 ], [ 6.218055, 49.924069 ], [ 6.227267, 49.929776 ], [ 6.223231, 49.950346 ], [ 6.205861, 49.956068 ], [ 6.196646, 49.950359 ], [ 6.192737, 49.969132 ], [ 6.182041, 49.95167 ], [ 6.17636, 49.962281 ], [ 6.16337, 49.973545 ], [ 6.172155, 49.984643 ], [ 6.152281, 49.991174 ], [ 6.139713, 49.997049 ], [ 6.151126, 50.005538 ], [ 6.140894, 50.012392 ], [ 6.144853, 50.023329 ], [ 6.129642, 50.031814 ], [ 6.136087, 50.041935 ], [ 6.125117, 50.057765 ], [ 6.112965, 50.058251 ], [ 6.112381, 50.065433 ], [ 6.122191, 50.063967 ], [ 6.128638, 50.074088 ], [ 6.116483, 50.074574 ], [ 6.117658, 50.089917 ], [ 6.138469, 50.102326 ], [ 6.129977, 50.117341 ], [ 6.136141, 50.131052 ], [ 6.143181, 50.133991 ], [ 6.154772, 50.140683 ], [ 6.151554, 50.150476 ], [ 6.131899, 50.153412 ], [ 6.145987, 50.15929 ], [ 6.137923, 50.168918 ], [ 6.146881, 50.178222 ], [ 6.154655, 50.172184 ], [ 6.164052, 50.176101 ], [ 6.190332, 50.181482 ], [ 6.190813, 50.2058 ], [ 6.165276, 50.221147 ], [ 6.176313, 50.235019 ], [ 6.198064, 50.236645 ], [ 6.204119, 50.252148 ], [ 6.223238, 50.256382 ], [ 6.227948, 50.258337 ], [ 6.256352, 50.268272 ], [ 6.276047, 50.265315 ], [ 6.278403, 50.266292 ], [ 6.291979, 50.279333 ], [ 6.285859, 50.295335 ], [ 6.296947, 50.309195 ], [ 6.309021, 50.310485 ], [ 6.308181, 50.321258 ], [ 6.318178, 50.317981 ], [ 6.329837, 50.324655 ], [ 6.358012, 50.306656 ], [ 6.364678, 50.314968 ], [ 6.37467, 50.311685 ], [ 6.3837, 50.32097 ], [ 6.405361, 50.324353 ], [ 6.425069, 50.32137 ], [ 6.424256, 50.332144 ], [ 6.409403, 50.335279 ], [ 6.405814, 50.350466 ], [ 6.38626, 50.383149 ], [ 6.395854, 50.385251 ], [ 6.416269, 50.373292 ], [ 6.421541, 50.368057 ], [ 6.43154, 50.36477 ], [ 6.44809, 50.371584 ], [ 6.461124, 50.360288 ], [ 6.459835, 50.34495 ], [ 6.448153, 50.338288 ], [ 6.48704, 50.339488 ], [ 6.503192, 50.351682 ], [ 6.502661, 50.358865 ], [ 6.515017, 50.356542 ], [ 6.533679, 50.367907 ], [ 6.543145, 50.371793 ], [ 6.546036, 50.365581 ], [ 6.581672, 50.378348 ], [ 6.591014, 50.384026 ], [ 6.602985, 50.387081 ], [ 6.60376, 50.376306 ], [ 6.628342, 50.373433 ], [ 6.619895, 50.355187 ], [ 6.637745, 50.344014 ], [ 6.652077, 50.348034 ], [ 6.65567, 50.366135 ], [ 6.667388, 50.372776 ], [ 6.699085, 50.337701 ], [ 6.780022, 50.3652 ], [ 6.79498, 50.360221 ], [ 6.799844, 50.360357 ], [ 6.801608, 50.370304 ], [ 6.786769, 50.373488 ], [ 6.768452, 50.391868 ], [ 6.779702, 50.405681 ], [ 6.785967, 50.421153 ], [ 6.771111, 50.424334 ], [ 6.767999, 50.434144 ], [ 6.746016, 50.434422 ], [ 6.745521, 50.441606 ], [ 6.766276, 50.459289 ], [ 6.756158, 50.464401 ], [ 6.760539, 50.471723 ], [ 6.743785, 50.46675 ], [ 6.767051, 50.483604 ], [ 6.808199, 50.489254 ], [ 6.81691, 50.468802 ], [ 6.85699, 50.453712 ], [ 6.859486, 50.452881 ], [ 6.873512, 50.462261 ], [ 6.902406, 50.468443 ], [ 6.905041, 50.502702 ], [ 6.890168, 50.505899 ], [ 6.896835, 50.515976 ], [ 6.881481, 50.526357 ], [ 6.918032, 50.528243 ], [ 6.932326, 50.534023 ], [ 6.928185, 50.560003 ], [ 6.952376, 50.564246 ], [ 6.955342, 50.556227 ], [ 6.972496, 50.555781 ], [ 6.981689, 50.565019 ], [ 6.998846, 50.564569 ], [ 7.043055, 50.600799 ], [ 7.06, 50.603932 ], [ 7.088063, 50.585755 ], [ 7.102505, 50.589718 ], [ 7.115847, 50.611643 ], [ 7.145847, 50.601597 ], [ 7.154864, 50.614414 ], [ 7.172145, 50.612141 ], [ 7.188564, 50.624238 ], [ 7.194667, 50.645076 ], [ 7.209136, 50.649026 ], [ 7.213025, 50.624833 ], [ 7.269339, 50.625283 ], [ 7.312754, 50.637099 ], [ 7.356292, 50.647102 ], [ 7.359872, 50.670571 ], [ 7.36227, 50.671525 ], [ 7.37136, 50.684325 ], [ 7.360752, 50.698474 ], [ 7.371944, 50.717618 ], [ 7.411163, 50.718506 ], [ 7.421463, 50.709742 ], [ 7.438569, 50.711023 ], [ 7.441069, 50.710179 ], [ 7.460188, 50.719596 ], [ 7.477493, 50.717278 ], [ 7.482298, 50.719182 ], [ 7.503737, 50.73134 ], [ 7.51864, 50.728064 ], [ 7.535093, 50.741908 ], [ 7.557119, 50.743276 ], [ 7.591641, 50.740405 ], [ 7.59377, 50.746745 ], [ 7.597753, 50.764815 ], [ 7.614792, 50.767867 ], [ 7.658965, 50.768771 ], [ 7.663693, 50.772464 ], [ 7.658154, 50.784943 ], [ 7.675473, 50.782595 ], [ 7.682257, 50.794423 ], [ 7.682168, 50.796219 ], [ 7.663765, 50.82013 ], [ 7.697983, 50.824415 ], [ 7.707547, 50.830001 ], [ 7.728744, 50.849305 ], [ 7.76342, 50.844585 ], [ 7.753241, 50.851582 ], [ 7.762558, 50.862555 ], [ 7.747542, 50.867659 ], [ 7.760743, 50.900289 ], [ 7.737764, 50.916929 ], [ 7.767048, 50.922893 ], [ 7.785891, 50.94124 ], [ 7.803092, 50.942467 ], [ 7.825893, 50.929409 ], [ 7.850686, 50.926275 ], [ 7.827572, 50.89347 ], [ 7.830494, 50.883633 ], [ 7.852926, 50.877757 ], [ 7.885029, 50.875651 ], [ 7.906001, 50.847257 ], [ 7.920912, 50.843929 ], [ 7.930585, 50.8477 ], [ 7.962585, 50.847369 ], [ 7.96805, 50.834876 ], [ 7.980378, 50.834193 ], [ 7.971251, 50.817847 ], [ 7.971329, 50.81605 ], [ 7.976398, 50.812542 ], [ 7.965486, 50.780877 ], [ 7.983486, 50.762309 ], [ 8.011206, 50.745704 ], [ 8.026456, 50.733377 ], [ 8.041548, 50.724642 ], [ 8.040187, 50.698541 ], [ 8.059942, 50.695278 ], [ 8.074276, 50.704511 ], [ 8.098786, 50.704918 ], [ 8.124089, 50.685549 ], [ 8.121963, 50.677422 ], [ 8.109824, 50.674526 ], [ 8.113105, 50.653897 ], [ 8.110693, 50.652958 ], [ 8.110765, 50.651161 ], [ 8.115662, 50.651241 ], [ 8.120775, 50.645929 ], [ 8.140929, 50.631869 ], [ 8.127177, 50.608266 ], [ 8.151991, 50.599675 ], [ 8.145258, 50.584279 ], [ 8.13676, 50.551769 ], [ 8.119766, 50.548795 ], [ 8.110139, 50.54504 ], [ 8.117791, 50.537072 ], [ 8.103354, 50.531439 ], [ 8.071276, 50.538999 ], [ 8.071055, 50.544391 ], [ 8.043625, 50.557416 ], [ 8.036483, 50.552798 ], [ 8.024758, 50.540906 ], [ 7.996137, 50.524224 ], [ 7.993886, 50.519688 ], [ 7.989234, 50.514211 ], [ 7.984505, 50.510531 ], [ 7.989924, 50.498035 ], [ 7.980317, 50.49427 ], [ 7.988519, 50.47373 ], [ 7.996103, 50.467567 ], [ 8.01119, 50.457038 ], [ 7.99957, 50.443346 ], [ 7.989821, 50.443176 ], [ 7.975505, 50.43573 ], [ 7.987728, 50.435045 ], [ 7.988034, 50.427856 ], [ 7.976429, 50.414162 ], [ 7.966608, 50.415787 ], [ 7.969468, 50.405945 ], [ 7.981531, 50.408856 ], [ 7.989105, 50.402694 ], [ 7.981991, 50.398072 ], [ 7.994205, 50.397387 ], [ 8.008664, 50.401237 ], [ 8.020878, 50.400549 ], [ 8.019007, 50.387027 ], [ 8.016686, 50.384289 ], [ 8.043427, 50.385648 ], [ 8.043873, 50.374864 ], [ 8.063565, 50.369802 ], [ 8.071342, 50.358242 ], [ 8.069019, 50.355505 ], [ 8.077157, 50.334958 ], [ 8.069972, 50.332139 ], [ 8.084707, 50.328789 ], [ 8.106915, 50.321065 ], [ 8.102556, 50.308402 ], [ 8.120033, 50.297 ], [ 8.12321, 50.278166 ], [ 8.111387, 50.269878 ], [ 8.102103, 50.258932 ], [ 8.057812, 50.272578 ], [ 8.043239, 50.272329 ], [ 8.029041, 50.263092 ], [ 8.021943, 50.258473 ], [ 8.034566, 50.246999 ], [ 8.059281, 50.236629 ], [ 8.047553, 50.226537 ], [ 8.040162, 50.229108 ], [ 8.033441, 50.215502 ], [ 8.011496, 50.217821 ], [ 8.003804, 50.227579 ], [ 7.9988, 50.231089 ], [ 7.988865, 50.236311 ], [ 7.986781, 50.22818 ], [ 7.950735, 50.219445 ], [ 7.948425, 50.216705 ], [ 7.943962, 50.207631 ], [ 7.907781, 50.202478 ], [ 7.905395, 50.201534 ], [ 7.912867, 50.197174 ], [ 7.905949, 50.188953 ], [ 7.882106, 50.179519 ], [ 7.889576, 50.17516 ], [ 7.882665, 50.166938 ], [ 7.899984, 50.159163 ], [ 7.895297, 50.155479 ], [ 7.895536, 50.150087 ], [ 7.902447, 50.158309 ], [ 7.912453, 50.151297 ], [ 7.900459, 50.148379 ], [ 7.914993, 50.148645 ], [ 7.917454, 50.147791 ], [ 7.929683, 50.145315 ], [ 7.920465, 50.134355 ], [ 7.929017, 50.10483 ], [ 7.926715, 50.10209 ], [ 7.909027, 50.118856 ], [ 7.880138, 50.114725 ], [ 7.867674, 50.122587 ], [ 7.852906, 50.127707 ], [ 7.836814, 50.108514 ], [ 7.830166, 50.094896 ], [ 7.835575, 50.082407 ], [ 7.804007, 50.084501 ], [ 7.801629, 50.083556 ], [ 7.792286, 50.07618 ], [ 7.775733, 50.067763 ], [ 7.7714, 50.056884 ], [ 7.781487, 50.048087 ], [ 7.803695, 50.038623 ], [ 7.831134, 50.02026 ], [ 7.860766, 50.006429 ], [ 7.861729, 49.98486 ], [ 7.866877, 49.977761 ], [ 7.879223, 49.971696 ], [ 7.946643, 49.97653 ], [ 7.977907, 49.979788 ], [ 7.987335, 49.985352 ], [ 8.051749, 50.005361 ], [ 8.085489, 50.007732 ], [ 8.137997, 50.024792 ], [ 8.157119, 50.030499 ], [ 8.176313, 50.034406 ], [ 8.188431, 50.0337 ], [ 8.249144, 50.026555 ], [ 8.288963, 49.994784 ], [ 8.316, 49.981697 ], [ 8.34358, 49.952423 ], [ 8.344015, 49.939839 ], [ 8.346643, 49.933582 ], [ 8.34921, 49.929122 ], [ 8.35709, 49.91035 ], [ 8.347757, 49.901221 ], [ 8.341241, 49.88044 ], [ 8.358687, 49.863606 ], [ 8.375636, 49.861151 ], [ 8.385872, 49.84331 ], [ 8.376546, 49.834183 ], [ 8.376788, 49.826992 ], [ 8.384279, 49.819004 ], [ 8.389211, 49.815477 ], [ 8.399253, 49.803028 ], [ 8.414335, 49.783453 ], [ 8.417064, 49.773598 ], [ 8.441392, 49.764941 ], [ 8.474925, 49.768995 ], [ 8.480072, 49.758272 ], [ 8.449613, 49.733576 ], [ 8.444925, 49.729914 ], [ 8.428552, 49.716197 ], [ 8.399801, 49.713996 ], [ 8.361877, 49.699063 ], [ 8.35538, 49.678282 ], [ 8.365462, 49.664037 ], [ 8.381174, 49.624688 ], [ 8.408095, 49.607981 ], [ 8.413298, 49.595462 ], [ 8.423229, 49.584808 ], [ 8.421214, 49.573087 ], [ 8.412168, 49.55677 ], [ 8.422266, 49.540722 ], [ 8.440541, 49.493304 ], [ 8.465064, 49.473852 ], [ 8.46529, 49.46666 ], [ 8.439448, 49.452813 ], [ 8.449286, 49.443954 ], [ 8.473161, 49.44428 ], [ 8.509221, 49.436667 ], [ 8.502805, 49.412297 ], [ 8.495786, 49.407706 ], [ 8.500723, 49.402375 ], [ 8.51734, 49.405293 ], [ 8.531924, 49.396489 ], [ 8.520243, 49.388241 ], [ 8.508127, 49.394378 ], [ 8.498421, 49.399646 ], [ 8.498365, 49.401444 ], [ 8.495952, 49.402311 ], [ 8.463009, 49.387475 ], [ 8.463405, 49.374887 ], [ 8.501165, 49.387989 ], [ 8.492514, 49.35909 ], [ 8.471598, 49.341717 ], [ 8.455233, 49.331599 ], [ 8.450981, 49.315349 ], [ 8.484597, 49.306812 ], [ 8.48745, 49.291559 ], [ 8.466283, 49.283176 ], [ 8.447759, 49.266731 ], [ 8.410222, 49.250014 ], [ 8.391493, 49.240752 ], [ 8.382576, 49.222633 ], [ 8.399125, 49.225569 ], [ 8.406518, 49.217578 ], [ 8.381355, 49.187532 ], [ 8.372153, 49.178403 ], [ 8.365478, 49.164813 ], [ 8.372927, 49.155025 ], [ 8.370822, 49.146899 ], [ 8.369075, 49.127982 ], [ 8.358144, 49.099934 ], [ 8.349023, 49.089005 ], [ 8.342184, 49.080808 ], [ 8.30538, 49.04787 ], [ 8.290266, 49.005357 ], [ 8.288118, 48.999027 ], [ 8.281177, 48.994422 ], [ 8.276571, 48.990752 ], [ 8.276634, 48.988954 ], [ 8.260361, 48.980605 ], [ 8.2301, 48.966635 ], [ 8.229842, 48.973828 ], [ 8.220254, 48.977275 ], [ 8.196935, 48.967904 ], [ 8.191877, 48.976819 ], [ 8.165765, 48.979093 ], [ 8.161036, 48.979016 ], [ 8.151576, 48.97886 ], [ 8.103798, 48.990655 ], [ 8.096668, 48.991434 ], [ 8.092076, 48.987757 ], [ 8.065531, 49.000797 ], [ 8.053171, 49.014078 ], [ 8.041303, 49.01477 ], [ 8.026889, 49.019915 ], [ 7.993317, 49.030115 ], [ 7.976858, 49.027119 ], [ 7.964393, 49.042189 ], [ 7.932897, 49.058706 ], [ 7.926359, 49.04509 ], [ 7.909822, 49.043882 ], [ 7.89065, 49.048921 ], [ 7.888243, 49.049775 ], [ 7.867669, 49.03229 ], [ 7.816886, 49.055605 ], [ 7.79505, 49.066874 ], [ 7.790473, 49.063184 ], [ 7.788226, 49.060441 ], [ 7.78357, 49.058549 ], [ 7.774258, 49.054765 ], [ 7.76752, 49.046533 ], [ 7.741434, 49.04691 ], [ 7.739107, 49.045963 ], [ 7.734454, 49.044069 ], [ 7.731632, 49.05391 ], [ 7.698227, 49.058627 ], [ 7.696321, 49.04869 ], [ 7.677548, 49.044702 ], [ 7.646383, 49.05215 ], [ 7.632003, 49.055446 ], [ 7.63114, 49.073424 ], [ 7.609427, 49.081061 ], [ 7.562042, 49.080039 ], [ 7.530387, 49.096443 ], [ 7.530026, 49.103634 ], [ 7.52278, 49.106173 ], [ 7.522599, 49.109768 ], [ 7.522508, 49.111566 ], [ 7.49994, 49.13536 ], [ 7.488035, 49.135994 ], [ 7.499392, 49.146146 ], [ 7.506098, 49.154394 ], [ 7.494189, 49.155028 ], [ 7.495783, 49.170361 ], [ 7.493364, 49.171207 ], [ 7.481543, 49.170042 ], [ 7.460599, 49.161472 ], [ 7.453154, 49.167602 ], [ 7.434356, 49.163574 ], [ 7.440492, 49.182611 ], [ 7.412099, 49.18016 ], [ 7.381382, 49.176747 ], [ 7.367333, 49.172819 ], [ 7.365682, 49.159282 ], [ 7.351251, 49.162542 ], [ 7.333909, 49.175629 ], [ 7.333226, 49.188211 ], [ 7.321208, 49.190624 ], [ 7.306075, 49.20646 ], [ 7.296674, 49.204434 ], [ 7.305187, 49.222636 ], [ 7.290435, 49.23128 ], [ 7.310491, 49.256059 ], [ 7.322722, 49.250052 ], [ 7.338728, 49.26213 ], [ 7.340081, 49.281059 ], [ 7.373384, 49.281843 ], [ 7.387081, 49.29296 ], [ 7.379125, 49.308072 ], [ 7.395451, 49.31475 ], [ 7.385545, 49.321718 ], [ 7.399065, 49.336429 ], [ 7.403446, 49.343728 ], [ 7.388579, 49.354182 ], [ 7.400443, 49.355356 ], [ 7.392768, 49.365077 ], [ 7.402108, 49.368892 ], [ 7.394815, 49.371423 ], [ 7.36894, 49.364522 ], [ 7.368359, 49.375306 ], [ 7.303266, 49.387263 ], [ 7.288764, 49.390514 ], [ 7.295467, 49.398774 ], [ 7.292634, 49.406804 ], [ 7.2897, 49.416631 ], [ 7.25296, 49.432838 ], [ 7.249712, 49.448056 ], [ 7.285063, 49.457011 ], [ 7.298888, 49.466342 ], [ 7.305603, 49.4746 ], [ 7.29789, 49.484314 ], [ 7.28112, 49.48481 ], [ 7.287434, 49.500259 ], [ 7.284694, 49.506492 ], [ 7.291012, 49.52194 ], [ 7.305454, 49.520486 ], [ 7.302216, 49.535705 ], [ 7.280645, 49.536087 ], [ 7.275158, 49.548552 ], [ 7.276793, 49.562088 ], [ 7.264376, 49.569886 ], [ 7.266009, 49.583422 ], [ 7.254601, 49.573248 ], [ 7.24727, 49.575769 ], [ 7.238005, 49.570144 ], [ 7.2264, 49.563561 ], [ 7.209292, 49.569438 ], [ 7.21122, 49.577584 ], [ 7.18729, 49.576991 ], [ 7.171674, 49.598196 ], [ 7.159441, 49.602389 ], [ 7.116666, 49.595906 ], [ 7.104213, 49.603686 ], [ 7.085168, 49.601397 ], [ 7.079622, 49.613851 ], [ 7.056923, 49.632159 ], [ 7.030076, 49.639556 ], [ 7.009123, 49.629105 ], [ 7.00177, 49.63161 ], [ 6.987956, 49.622244 ], [ 6.989625, 49.633987 ], [ 6.977479, 49.636363 ], [ 6.951861, 49.623976 ], [ 6.946391, 49.634627 ], [ 6.929793, 49.631478 ], [ 6.93538, 49.619031 ], [ 6.928252, 49.617938 ], [ 6.928594, 49.612548 ], [ 6.890052, 49.615093 ], [ 6.878832, 49.603085 ], [ 6.861667, 49.608909 ], [ 6.841231, 49.59124 ], [ 6.834579, 49.582955 ], [ 6.824772, 49.586279 ], [ 6.810059, 49.591264 ], [ 6.768417, 49.568481 ], [ 6.759209, 49.562817 ], [ 6.716521, 49.556184 ], [ 6.689171, 49.535585 ], [ 6.685861, 49.548988 ], [ 6.662321, 49.542894 ], [ 6.652139, 49.551593 ], [ 6.64981, 49.550624 ], [ 6.650306, 49.543438 ], [ 6.643568, 49.536937 ], [ 6.635961, 49.543011 ], [ 6.619664, 49.536224 ], [ 6.617836, 49.528069 ], [ 6.605698, 49.530404 ], [ 6.60425, 49.51686 ], [ 6.580103, 49.519731 ], [ 6.579218, 49.532305 ], [ 6.564242, 49.540851 ], [ 6.540337, 49.54012 ], [ 6.524439, 49.527931 ], [ 6.514236, 49.536617 ], [ 6.493177, 49.529664 ], [ 6.47069, 49.542464 ], [ 6.454153, 49.539246 ], [ 6.424808, 49.547321 ], [ 6.415511, 49.543426 ], [ 6.381375, 49.551338 ], [ 6.355714, 49.573917 ], [ 6.38415, 49.578432 ] ] ] } },
{ "type": "Feature", "properties": { "state_id": 8, "name": "Baden-Württemberg" }, "geometry": { "type": "MultiPolygon", "coordinates": [ [ [ [ 7.819656, 47.586808 ], [ 7.809032, 47.565887 ], [ 7.788838, 47.553776 ], [ 7.722608, 47.54251 ], [ 7.677047, 47.532546 ], [ 7.634287, 47.562241 ], [ 7.673413, 47.562181 ], [ 7.689145, 47.570619 ], [ 7.681641, 47.583965 ], [ 7.6701, 47.58462 ], [ 7.683336, 47.597507 ], [ 7.674376, 47.591914 ], [ 7.641923, 47.596621 ], [ 7.631122, 47.581081 ], [ 7.605947, 47.57783 ], [ 7.566522, 47.632784 ], [ 7.518747, 47.667725 ], [ 7.514749, 47.702749 ], [ 7.539462, 47.716813 ], [ 7.547399, 47.744002 ], [ 7.529215, 47.785909 ], [ 7.563682, 47.838898 ], [ 7.554987, 47.875617 ], [ 7.583996, 47.898766 ], [ 7.583656, 47.905961 ], [ 7.580192, 47.930191 ], [ 7.613624, 47.95883 ], [ 7.622388, 47.969823 ], [ 7.616661, 47.993104 ], [ 7.568319, 48.033456 ], [ 7.572578, 48.090263 ], [ 7.578389, 48.114696 ], [ 7.617605, 48.171361 ], [ 7.639699, 48.197039 ], [ 7.673006, 48.232851 ], [ 7.681252, 48.256427 ], [ 7.699895, 48.308121 ], [ 7.734527, 48.316937 ], [ 7.741246, 48.323375 ], [ 7.745109, 48.341455 ], [ 7.729158, 48.38433 ], [ 7.744024, 48.417934 ], [ 7.752653, 48.43431 ], [ 7.763748, 48.448034 ], [ 7.766668, 48.487693 ], [ 7.791909, 48.499898 ], [ 7.807714, 48.513711 ], [ 7.806928, 48.531694 ], [ 7.804466, 48.534345 ], [ 7.799873, 48.585551 ], [ 7.837617, 48.635788 ], [ 7.844236, 48.645815 ], [ 7.890605, 48.661102 ], [ 7.96113, 48.719108 ], [ 7.969221, 48.75165 ], [ 7.982907, 48.762696 ], [ 8.020578, 48.763372 ], [ 8.031319, 48.789657 ], [ 8.062049, 48.787496 ], [ 8.0828, 48.799552 ], [ 8.107589, 48.829668 ], [ 8.116201, 48.851408 ], [ 8.124753, 48.874945 ], [ 8.163239, 48.919671 ], [ 8.172488, 48.925221 ], [ 8.188333, 48.944373 ], [ 8.199593, 48.95985 ], [ 8.2301, 48.966635 ], [ 8.260361, 48.980605 ], [ 8.276634, 48.988954 ], [ 8.276571, 48.990752 ], [ 8.281177, 48.994422 ], [ 8.288118, 48.999027 ], [ 8.290266, 49.005357 ], [ 8.30538, 49.04787 ], [ 8.342184, 49.080808 ], [ 8.349023, 49.089005 ], [ 8.358144, 49.099934 ], [ 8.369075, 49.127982 ], [ 8.370822, 49.146899 ], [ 8.372927, 49.155025 ], [ 8.365478, 49.164813 ], [ 8.372153, 49.178403 ], [ 8.381355, 49.187532 ], [ 8.406518, 49.217578 ], [ 8.399125, 49.225569 ], [ 8.382576, 49.222633 ], [ 8.391493, 49.240752 ], [ 8.410222, 49.250014 ], [ 8.447759, 49.266731 ], [ 8.466283, 49.283176 ], [ 8.48745, 49.291559 ], [ 8.484597, 49.306812 ], [ 8.450981, 49.315349 ], [ 8.455233, 49.331599 ], [ 8.471598, 49.341717 ], [ 8.492514, 49.35909 ], [ 8.501165, 49.387989 ], [ 8.463405, 49.374887 ], [ 8.463009, 49.387475 ], [ 8.495952, 49.402311 ], [ 8.498365, 49.401444 ], [ 8.498421, 49.399646 ], [ 8.508127, 49.394378 ], [ 8.520243, 49.388241 ], [ 8.531924, 49.396489 ], [ 8.51734, 49.405293 ], [ 8.500723, 49.402375 ], [ 8.495786, 49.407706 ], [ 8.502805, 49.412297 ], [ 8.509221, 49.436667 ], [ 8.473161, 49.44428 ], [ 8.449286, 49.443954 ], [ 8.439448, 49.452813 ], [ 8.46529, 49.46666 ], [ 8.465064, 49.473852 ], [ 8.440541, 49.493304 ], [ 8.422266, 49.540722 ], [ 8.412168, 49.55677 ], [ 8.421214, 49.573087 ], [ 8.423229, 49.584808 ], [ 8.461368, 49.59073 ], [ 8.49303, 49.574068 ], [ 8.552147, 49.519076 ], [ 8.580789, 49.521239 ], [ 8.609229, 49.530587 ], [ 8.618489, 49.541494 ], [ 8.602687, 49.591666 ], [ 8.590687, 49.592417 ], [ 8.590373, 49.603206 ], [ 8.597429, 49.60779 ], [ 8.597325, 49.611387 ], [ 8.680813, 49.625882 ], [ 8.673845, 49.617706 ], [ 8.685899, 49.615149 ], [ 8.671621, 49.611385 ], [ 8.6814, 49.604304 ], [ 8.690934, 49.606214 ], [ 8.698338, 49.598205 ], [ 8.68184, 49.58812 ], [ 8.682279, 49.571936 ], [ 8.704472, 49.54791 ], [ 8.709688, 49.53178 ], [ 8.716792, 49.534559 ], [ 8.733841, 49.52306 ], [ 8.726784, 49.518483 ], [ 8.745776, 49.524092 ], [ 8.765137, 49.515312 ], [ 8.774611, 49.519013 ], [ 8.796289, 49.51295 ], [ 8.805588, 49.523842 ], [ 8.819937, 49.523992 ], [ 8.820504, 49.500614 ], [ 8.835062, 49.491772 ], [ 8.856383, 49.500084 ], [ 8.852026, 49.482052 ], [ 8.826023, 49.470093 ], [ 8.826196, 49.462899 ], [ 8.833556, 49.454881 ], [ 8.838846, 49.43335 ], [ 8.829557, 49.422461 ], [ 8.808099, 49.421336 ], [ 8.803591, 49.410496 ], [ 8.818299, 49.394461 ], [ 8.832266, 49.408998 ], [ 8.851692, 49.394807 ], [ 8.884594, 49.416723 ], [ 8.891569, 49.424887 ], [ 8.900751, 49.441166 ], [ 8.910422, 49.435863 ], [ 8.924666, 49.439598 ], [ 8.926836, 49.449512 ], [ 8.943533, 49.450569 ], [ 8.9506, 49.455132 ], [ 8.931139, 49.471138 ], [ 8.956937, 49.493864 ], [ 8.951924, 49.50461 ], [ 8.971126, 49.501189 ], [ 8.985282, 49.510311 ], [ 9.028607, 49.496302 ], [ 9.042878, 49.500022 ], [ 9.059108, 49.526239 ], [ 9.078276, 49.524599 ], [ 9.097377, 49.526552 ], [ 9.107241, 49.510442 ], [ 9.126208, 49.519584 ], [ 9.113972, 49.534777 ], [ 9.085096, 49.54354 ], [ 9.08978, 49.548974 ], [ 9.072773, 49.562326 ], [ 9.072532, 49.574915 ], [ 9.082211, 49.569598 ], [ 9.082347, 49.562404 ], [ 9.099119, 49.56164 ], [ 9.103607, 49.577863 ], [ 9.12286, 49.572618 ], [ 9.173029, 49.579292 ], [ 9.194683, 49.573153 ], [ 9.225707, 49.579665 ], [ 9.230496, 49.579698 ], [ 9.242427, 49.582477 ], [ 9.259038, 49.592479 ], [ 9.27073, 49.61144 ], [ 9.285053, 49.615129 ], [ 9.270513, 49.625828 ], [ 9.272762, 49.635734 ], [ 9.284708, 49.638508 ], [ 9.274984, 49.647439 ], [ 9.24621, 49.647251 ], [ 9.255608, 49.659904 ], [ 9.272384, 49.660912 ], [ 9.269917, 49.665392 ], [ 9.284257, 49.669081 ], [ 9.30604, 49.655728 ], [ 9.310837, 49.655757 ], [ 9.337378, 49.644225 ], [ 9.368396, 49.656093 ], [ 9.385355, 49.642697 ], [ 9.406901, 49.64551 ], [ 9.411478, 49.663519 ], [ 9.399406, 49.669751 ], [ 9.413735, 49.675222 ], [ 9.40887, 49.680592 ], [ 9.420771, 49.688747 ], [ 9.418144, 49.707618 ], [ 9.405974, 49.721043 ], [ 9.386625, 49.731731 ], [ 9.382166, 49.704729 ], [ 9.358159, 49.704596 ], [ 9.345948, 49.719813 ], [ 9.372259, 49.728055 ], [ 9.35541, 49.730659 ], [ 9.321782, 49.730462 ], [ 9.297606, 49.741106 ], [ 9.324021, 49.742166 ], [ 9.316444, 49.768199 ], [ 9.357274, 49.771135 ], [ 9.371581, 49.780208 ], [ 9.376436, 49.776638 ], [ 9.38856, 49.768611 ], [ 9.402872, 49.777679 ], [ 9.431576, 49.790416 ], [ 9.45587, 49.768954 ], [ 9.470254, 49.772619 ], [ 9.470175, 49.779812 ], [ 9.479696, 49.788849 ], [ 9.506159, 49.788068 ], [ 9.513637, 49.762022 ], [ 9.547236, 49.767557 ], [ 9.564266, 49.745143 ], [ 9.559165, 49.777495 ], [ 9.566322, 49.783818 ], [ 9.583209, 49.777586 ], [ 9.648029, 49.791294 ], [ 9.65061, 49.767023 ], [ 9.641115, 49.750808 ], [ 9.646013, 49.738234 ], [ 9.629245, 49.731886 ], [ 9.641315, 49.723831 ], [ 9.63175, 49.718405 ], [ 9.624664, 49.703095 ], [ 9.634348, 49.692336 ], [ 9.663175, 49.688828 ], [ 9.677551, 49.692467 ], [ 9.677395, 49.715847 ], [ 9.710949, 49.726728 ], [ 9.730385, 49.68721 ], [ 9.751942, 49.695352 ], [ 9.756652, 49.713347 ], [ 9.79023, 49.722406 ], [ 9.794988, 49.733206 ], [ 9.797447, 49.719722 ], [ 9.823906, 49.708076 ], [ 9.83839, 49.684718 ], [ 9.855191, 49.683841 ], [ 9.838402, 49.681121 ], [ 9.821634, 49.673002 ], [ 9.826471, 49.662219 ], [ 9.83372, 49.646942 ], [ 9.852914, 49.643372 ], [ 9.864955, 49.624503 ], [ 9.872186, 49.609224 ], [ 9.845867, 49.5975 ], [ 9.838713, 49.587598 ], [ 9.850713, 49.579521 ], [ 9.838761, 49.57321 ], [ 9.82678, 49.57589 ], [ 9.826819, 49.565099 ], [ 9.819647, 49.56239 ], [ 9.812483, 49.557882 ], [ 9.857994, 49.546258 ], [ 9.867541, 49.555262 ], [ 9.862719, 49.567846 ], [ 9.877056, 49.578654 ], [ 9.900983, 49.58767 ], [ 9.915362, 49.582286 ], [ 9.898639, 49.563388 ], [ 9.924972, 49.562509 ], [ 9.922591, 49.554414 ], [ 9.927402, 49.53823 ], [ 9.915472, 49.519337 ], [ 9.925055, 49.508552 ], [ 9.915522, 49.490559 ], [ 9.951387, 49.47889 ], [ 9.96333, 49.485189 ], [ 9.97528, 49.484293 ], [ 9.98006, 49.484294 ], [ 9.98245, 49.485194 ], [ 10.020689, 49.485193 ], [ 10.025478, 49.503178 ], [ 10.04939, 49.506767 ], [ 10.058967, 49.517554 ], [ 10.042233, 49.525655 ], [ 10.063778, 49.539135 ], [ 10.059002, 49.546331 ], [ 10.082928, 49.544518 ], [ 10.087704, 49.539119 ], [ 10.078099, 49.517543 ], [ 10.085263, 49.511243 ], [ 10.11874, 49.511212 ], [ 10.099562, 49.487849 ], [ 10.118648, 49.473442 ], [ 10.118617, 49.460852 ], [ 10.104289, 49.462664 ], [ 10.094709, 49.450083 ], [ 10.1114, 49.438376 ], [ 10.120964, 49.443762 ], [ 10.140015, 49.425754 ], [ 10.151875, 49.401457 ], [ 10.161382, 49.390652 ], [ 10.113664, 49.385314 ], [ 10.111223, 49.361034 ], [ 10.125517, 49.357422 ], [ 10.125499, 49.350227 ], [ 10.108821, 49.352942 ], [ 10.101658, 49.346654 ], [ 10.108773, 49.331358 ], [ 10.12067, 49.325051 ], [ 10.134973, 49.328632 ], [ 10.146843, 49.315127 ], [ 10.130136, 49.301657 ], [ 10.158638, 49.280036 ], [ 10.149124, 49.281847 ], [ 10.132413, 49.262981 ], [ 10.127692, 49.277377 ], [ 10.113392, 49.268399 ], [ 10.113363, 49.255807 ], [ 10.132393, 49.255787 ], [ 10.132379, 49.25039 ], [ 10.12048, 49.247706 ], [ 10.125181, 49.226115 ], [ 10.141789, 49.214404 ], [ 10.125131, 49.206329 ], [ 10.127481, 49.196433 ], [ 10.15598, 49.192799 ], [ 10.158324, 49.182903 ], [ 10.172563, 49.179284 ], [ 10.179698, 49.181971 ], [ 10.179659, 49.171178 ], [ 10.191542, 49.173857 ], [ 10.19859, 49.154957 ], [ 10.212872, 49.163925 ], [ 10.229463, 49.157596 ], [ 10.246041, 49.149467 ], [ 10.2578, 49.128754 ], [ 10.224543, 49.119831 ], [ 10.205468, 49.096483 ], [ 10.222077, 49.099149 ], [ 10.23152, 49.090136 ], [ 10.250486, 49.090095 ], [ 10.233818, 49.074841 ], [ 10.257499, 49.071191 ], [ 10.264556, 49.061281 ], [ 10.257443, 49.060398 ], [ 10.25023, 49.039727 ], [ 10.264469, 49.045091 ], [ 10.283366, 49.03605 ], [ 10.295244, 49.042315 ], [ 10.316474, 49.028766 ], [ 10.318824, 49.026061 ], [ 10.32833, 49.03143 ], [ 10.347248, 49.027775 ], [ 10.356551, 49.00436 ], [ 10.37075, 49.004314 ], [ 10.38488, 48.995271 ], [ 10.380092, 48.988092 ], [ 10.391943, 48.990749 ], [ 10.413124, 48.977181 ], [ 10.40129, 48.976325 ], [ 10.401231, 48.969129 ], [ 10.405932, 48.965514 ], [ 10.415421, 48.969077 ], [ 10.420074, 48.960065 ], [ 10.431763, 48.944729 ], [ 10.443574, 48.943783 ], [ 10.452963, 48.93655 ], [ 10.438735, 48.93121 ], [ 10.457557, 48.922139 ], [ 10.452766, 48.914963 ], [ 10.419617, 48.906097 ], [ 10.450199, 48.892485 ], [ 10.454856, 48.88527 ], [ 10.445364, 48.879912 ], [ 10.452372, 48.871788 ], [ 10.454559, 48.852889 ], [ 10.428536, 48.844896 ], [ 10.426108, 48.83681 ], [ 10.449612, 48.827722 ], [ 10.444751, 48.81155 ], [ 10.442354, 48.807062 ], [ 10.418706, 48.798158 ], [ 10.435133, 48.789999 ], [ 10.430326, 48.779223 ], [ 10.432596, 48.769319 ], [ 10.413768, 48.77119 ], [ 10.43014, 48.757634 ], [ 10.415966, 48.752291 ], [ 10.425323, 48.745059 ], [ 10.444028, 48.730593 ], [ 10.462907, 48.735914 ], [ 10.458133, 48.728737 ], [ 10.472101, 48.712486 ], [ 10.483856, 48.711536 ], [ 10.476703, 48.701672 ], [ 10.48606, 48.696234 ], [ 10.49536, 48.685398 ], [ 10.481269, 48.687259 ], [ 10.462307, 48.671146 ], [ 10.410501, 48.660555 ], [ 10.408217, 48.668659 ], [ 10.427053, 48.672187 ], [ 10.422503, 48.690196 ], [ 10.438973, 48.691032 ], [ 10.431988, 48.699155 ], [ 10.406107, 48.698353 ], [ 10.39191, 48.687609 ], [ 10.389397, 48.666928 ], [ 10.365865, 48.663409 ], [ 10.363442, 48.653522 ], [ 10.34938, 48.658964 ], [ 10.354132, 48.666146 ], [ 10.340176, 48.687779 ], [ 10.319017, 48.688742 ], [ 10.316625, 48.682451 ], [ 10.304885, 48.685183 ], [ 10.269706, 48.702366 ], [ 10.274321, 48.686162 ], [ 10.257828, 48.679904 ], [ 10.262408, 48.656505 ], [ 10.297525, 48.633926 ], [ 10.304479, 48.618614 ], [ 10.323208, 48.609565 ], [ 10.318478, 48.604182 ], [ 10.297354, 48.60514 ], [ 10.292564, 48.588959 ], [ 10.301919, 48.583537 ], [ 10.311284, 48.579912 ], [ 10.311105, 48.551125 ], [ 10.299342, 48.54486 ], [ 10.310938, 48.524136 ], [ 10.273386, 48.515239 ], [ 10.268718, 48.518849 ], [ 10.233526, 48.510832 ], [ 10.240465, 48.491924 ], [ 10.226394, 48.488356 ], [ 10.217025, 48.488374 ], [ 10.200612, 48.483907 ], [ 10.184194, 48.477638 ], [ 10.174765, 48.45966 ], [ 10.134952, 48.453418 ], [ 10.106918, 48.478639 ], [ 10.085813, 48.461564 ], [ 10.034307, 48.456194 ], [ 10.038979, 48.443597 ], [ 10.027277, 48.440902 ], [ 10.041308, 48.430101 ], [ 10.024928, 48.423808 ], [ 10.010888, 48.400419 ], [ 9.968813, 48.380622 ], [ 9.971159, 48.365328 ], [ 9.980507, 48.361732 ], [ 9.98985, 48.37073 ], [ 10.001534, 48.364432 ], [ 9.996862, 48.351837 ], [ 10.010875, 48.34104 ], [ 10.008538, 48.332943 ], [ 10.03654, 48.307745 ], [ 10.038871, 48.303246 ], [ 10.043529, 48.292447 ], [ 10.066848, 48.283438 ], [ 10.064503, 48.273543 ], [ 10.06681, 48.254647 ], [ 10.0598, 48.241155 ], [ 10.08538, 48.206048 ], [ 10.085371, 48.20065 ], [ 10.085362, 48.195251 ], [ 10.089993, 48.180851 ], [ 10.094616, 48.162852 ], [ 10.108514, 48.132247 ], [ 10.10851, 48.130447 ], [ 10.138683, 48.107918 ], [ 10.138653, 48.097121 ], [ 10.138648, 48.095321 ], [ 10.133957, 48.079131 ], [ 10.145556, 48.072817 ], [ 10.143205, 48.062922 ], [ 10.14316, 48.046726 ], [ 10.126877, 48.035048 ], [ 10.133815, 48.025142 ], [ 10.136134, 48.024239 ], [ 10.133787, 48.014344 ], [ 10.119843, 48.005361 ], [ 10.112818, 47.975674 ], [ 10.103539, 47.973883 ], [ 10.091945, 47.972994 ], [ 10.08265, 47.960403 ], [ 10.091893, 47.944199 ], [ 10.1081, 47.937885 ], [ 10.110376, 47.918985 ], [ 10.108055, 47.916288 ], [ 10.105685, 47.890194 ], [ 10.096419, 47.886603 ], [ 10.105662, 47.879395 ], [ 10.09407, 47.867707 ], [ 10.075559, 47.867721 ], [ 10.084797, 47.856916 ], [ 10.103321, 47.865899 ], [ 10.094036, 47.849709 ], [ 10.107918, 47.851496 ], [ 10.100959, 47.841604 ], [ 10.11252, 47.840693 ], [ 10.133279, 47.819971 ], [ 10.137873, 47.809167 ], [ 10.12402, 47.814583 ], [ 10.112449, 47.808296 ], [ 10.117055, 47.801092 ], [ 10.091641, 47.803816 ], [ 10.0662, 47.786735 ], [ 10.082346, 47.771426 ], [ 10.114658, 47.762397 ], [ 10.119251, 47.751593 ], [ 10.112307, 47.743501 ], [ 10.119159, 47.711995 ], [ 10.137589, 47.702974 ], [ 10.130603, 47.676883 ], [ 10.109832, 47.665206 ], [ 10.089104, 47.673325 ], [ 10.096001, 47.663419 ], [ 10.077526, 47.638234 ], [ 10.075224, 47.639136 ], [ 10.06145, 47.678744 ], [ 10.03148, 47.676057 ], [ 10.02918, 47.684157 ], [ 10.015347, 47.68416 ], [ 9.996903, 47.678761 ], [ 9.966951, 47.652657 ], [ 9.934692, 47.654442 ], [ 9.925475, 47.654436 ], [ 9.92317, 47.655335 ], [ 9.909344, 47.655324 ], [ 9.909335, 47.660724 ], [ 9.879345, 47.674195 ], [ 9.851669, 47.679561 ], [ 9.830942, 47.673231 ], [ 9.826393, 47.655224 ], [ 9.796463, 47.648872 ], [ 9.801099, 47.641681 ], [ 9.743701, 47.602861 ], [ 9.748252, 47.613672 ], [ 9.736727, 47.616345 ], [ 9.727555, 47.609122 ], [ 9.704585, 47.600062 ], [ 9.690721, 47.609024 ], [ 9.660776, 47.611635 ], [ 9.640112, 47.603469 ], [ 9.642507, 47.589977 ], [ 9.633264, 47.595346 ], [ 9.619534, 47.584499 ], [ 9.603434, 47.583542 ], [ 9.562017, 47.583384 ], [ 9.559662, 47.589674 ], [ 9.550488, 47.586037 ], [ 9.534275, 47.597669 ], [ 9.529508, 47.615649 ], [ 9.510884, 47.637168 ], [ 9.492315, 47.651483 ], [ 9.464705, 47.647752 ], [ 9.418405, 47.667315 ], [ 9.395337, 47.66899 ], [ 9.360866, 47.660694 ], [ 9.330804, 47.668615 ], [ 9.303001, 47.679241 ], [ 9.293731, 47.682782 ], [ 9.23563, 47.713892 ], [ 9.228345, 47.73814 ], [ 9.214361, 47.747041 ], [ 9.140137, 47.768083 ], [ 9.121387, 47.784134 ], [ 9.072441, 47.80803 ], [ 9.039886, 47.81855 ], [ 9.028585, 47.80495 ], [ 9.075384, 47.772956 ], [ 9.110259, 47.759745 ], [ 9.175309, 47.735054 ], [ 9.17812, 47.703575 ], [ 9.213058, 47.681331 ], [ 9.215596, 47.666049 ], [ 9.181214, 47.654097 ], [ 9.148719, 47.668249 ], [ 9.137241, 47.665459 ], [ 9.107111, 47.675118 ], [ 9.026217, 47.686128 ], [ 8.957492, 47.663894 ], [ 8.893317, 47.647062 ], [ 8.874652, 47.657673 ], [ 8.867285, 47.678298 ], [ 8.848764, 47.681705 ], [ 8.857745, 47.6926 ], [ 8.850728, 47.697027 ], [ 8.864563, 47.697171 ], [ 8.864682, 47.691772 ], [ 8.871342, 47.703542 ], [ 8.868977, 47.706217 ], [ 8.850607, 47.702426 ], [ 8.838813, 47.714002 ], [ 8.822728, 47.71113 ], [ 8.827177, 47.718378 ], [ 8.80627, 47.724453 ], [ 8.813129, 47.727227 ], [ 8.805977, 47.73705 ], [ 8.799286, 47.727076 ], [ 8.774057, 47.720496 ], [ 8.769744, 47.707847 ], [ 8.809223, 47.696583 ], [ 8.791283, 47.674785 ], [ 8.76328, 47.688873 ], [ 8.726259, 47.693849 ], [ 8.734951, 47.715551 ], [ 8.709194, 47.730552 ], [ 8.740968, 47.752523 ], [ 8.712907, 47.766598 ], [ 8.690094, 47.755527 ], [ 8.687302, 47.774394 ], [ 8.68236, 47.786936 ], [ 8.666168, 47.78764 ], [ 8.654265, 47.800995 ], [ 8.645261, 47.791884 ], [ 8.652734, 47.771275 ], [ 8.625314, 47.760133 ], [ 8.612629, 47.802276 ], [ 8.578047, 47.799133 ], [ 8.568554, 47.80801 ], [ 8.559766, 47.791694 ], [ 8.578545, 47.781138 ], [ 8.564789, 47.777359 ], [ 8.543826, 47.783383 ], [ 8.518758, 47.771346 ], [ 8.509418, 47.774819 ], [ 8.472739, 47.765313 ], [ 8.468497, 47.752653 ], [ 8.454756, 47.748859 ], [ 8.453233, 47.722735 ], [ 8.414378, 47.710477 ], [ 8.405544, 47.697747 ], [ 8.417487, 47.684419 ], [ 8.403992, 47.673421 ], [ 8.408768, 47.668089 ], [ 8.424926, 47.667423 ], [ 8.441464, 47.654158 ], [ 8.464502, 47.654484 ], [ 8.469591, 47.638353 ], [ 8.476154, 47.650146 ], [ 8.490239, 47.64134 ], [ 8.496965, 47.647734 ], [ 8.529317, 47.644573 ], [ 8.533361, 47.66443 ], [ 8.540452, 47.658224 ], [ 8.542527, 47.666353 ], [ 8.560861, 47.670196 ], [ 8.579545, 47.661439 ], [ 8.604574, 47.673463 ], [ 8.630572, 47.649488 ], [ 8.619367, 47.637646 ], [ 8.603221, 47.638341 ], [ 8.614519, 47.646586 ], [ 8.609767, 47.651926 ], [ 8.596189, 47.642752 ], [ 8.606181, 47.614075 ], [ 8.5745, 47.593864 ], [ 8.562819, 47.600012 ], [ 8.564845, 47.60994 ], [ 8.576329, 47.61099 ], [ 8.571526, 47.618129 ], [ 8.543646, 47.626762 ], [ 8.53661, 47.631169 ], [ 8.518085, 47.63452 ], [ 8.509341, 47.618198 ], [ 8.479493, 47.615087 ], [ 8.463781, 47.601365 ], [ 8.454521, 47.603034 ], [ 8.464263, 47.585168 ], [ 8.491818, 47.587353 ], [ 8.489807, 47.577423 ], [ 8.432654, 47.564916 ], [ 8.406996, 47.576247 ], [ 8.390922, 47.575111 ], [ 8.38206, 47.564178 ], [ 8.356563, 47.570098 ], [ 8.321976, 47.572273 ], [ 8.293662, 47.593439 ], [ 8.295458, 47.608771 ], [ 8.256118, 47.614451 ], [ 8.237703, 47.614156 ], [ 8.224201, 47.604935 ], [ 8.221435, 47.618394 ], [ 8.202893, 47.621691 ], [ 8.189396, 47.612466 ], [ 8.167018, 47.594089 ], [ 8.150815, 47.596516 ], [ 8.132928, 47.581808 ], [ 8.107591, 47.582272 ], [ 8.09012, 47.556761 ], [ 8.066792, 47.565353 ], [ 8.035008, 47.553982 ], [ 8.016754, 47.550051 ], [ 8.000419, 47.556055 ], [ 7.956629, 47.557945 ], [ 7.948004, 47.543379 ], [ 7.922612, 47.545599 ], [ 7.906048, 47.556987 ], [ 7.90751, 47.577722 ], [ 7.89568, 47.585598 ], [ 7.863326, 47.588571 ], [ 7.838285, 47.581776 ], [ 7.833458, 47.587082 ], [ 7.819656, 47.586808 ] ] ], [ [ [ 8.675396, 47.698646 ], [ 8.665846, 47.711131 ], [ 8.686673, 47.708682 ], [ 8.698045, 47.715119 ], [ 8.716992, 47.695541 ], [ 8.703293, 47.689979 ], [ 8.691606, 47.69614 ], [ 8.671156, 47.684193 ], [ 8.659419, 47.69215 ], [ 8.675396, 47.698646 ] ] ], [ [ [ 9.196486, 47.709111 ], [ 9.201183, 47.703746 ], [ 9.187345, 47.703644 ], [ 9.18958, 47.70816 ], [ 9.196486, 47.709111 ] ] ] ] } },
{ "type": "Feature", "properties": { "state_id": 9, "name": "Bayern" }, "geometry": { "type": "Polygon", "coordinates": [ [ [ 9.681834, 47.556797 ], [ 9.651931, 47.557606 ], [ 9.626535, 47.571023 ], [ 9.608132, 47.570958 ], [ 9.603434, 47.583542 ], [ 9.619534, 47.584499 ], [ 9.633264, 47.595346 ], [ 9.642507, 47.589977 ], [ 9.640112, 47.603469 ], [ 9.660776, 47.611635 ], [ 9.690721, 47.609024 ], [ 9.704585, 47.600062 ], [ 9.727555, 47.609122 ], [ 9.736727, 47.616345 ], [ 9.748252, 47.613672 ], [ 9.743701, 47.602861 ], [ 9.801099, 47.641681 ], [ 9.796463, 47.648872 ], [ 9.826393, 47.655224 ], [ 9.830942, 47.673231 ], [ 9.851669, 47.679561 ], [ 9.879345, 47.674195 ], [ 9.909335, 47.660724 ], [ 9.909344, 47.655324 ], [ 9.92317, 47.655335 ], [ 9.925475, 47.654436 ], [ 9.934692, 47.654442 ], [ 9.966951, 47.652657 ], [ 9.996903, 47.678761 ], [ 10.015347, 47.68416 ], [ 10.02918, 47.684157 ], [ 10.03148, 47.676057 ], [ 10.06145, 47.678744 ], [ 10.075224, 47.639136 ], [ 10.077526, 47.638234 ], [ 10.096001, 47.663419 ], [ 10.089104, 47.673325 ], [ 10.109832, 47.665206 ], [ 10.130603, 47.676883 ], [ 10.137589, 47.702974 ], [ 10.119159, 47.711995 ], [ 10.112307, 47.743501 ], [ 10.119251, 47.751593 ], [ 10.114658, 47.762397 ], [ 10.082346, 47.771426 ], [ 10.0662, 47.786735 ], [ 10.091641, 47.803816 ], [ 10.117055, 47.801092 ], [ 10.112449, 47.808296 ], [ 10.12402, 47.814583 ], [ 10.137873, 47.809167 ], [ 10.133279, 47.819971 ], [ 10.11252, 47.840693 ], [ 10.100959, 47.841604 ], [ 10.107918, 47.851496 ], [ 10.094036, 47.849709 ], [ 10.103321, 47.865899 ], [ 10.084797, 47.856916 ], [ 10.075559, 47.867721 ], [ 10.09407, 47.867707 ], [ 10.105662, 47.879395 ], [ 10.096419, 47.886603 ], [ 10.105685, 47.890194 ], [ 10.108055, 47.916288 ], [ 10.110376, 47.918985 ], [ 10.1081, 47.937885 ], [ 10.091893, 47.944199 ], [ 10.08265, 47.960403 ], [ 10.091945, 47.972994 ], [ 10.103539, 47.973883 ], [ 10.112818, 47.975674 ], [ 10.119843, 48.005361 ], [ 10.133787, 48.014344 ], [ 10.136134, 48.024239 ], [ 10.133815, 48.025142 ], [ 10.126877, 48.035048 ], [ 10.14316, 48.046726 ], [ 10.143205, 48.062922 ], [ 10.145556, 48.072817 ], [ 10.133957, 48.079131 ], [ 10.138648, 48.095321 ], [ 10.138653, 48.097121 ], [ 10.138683, 48.107918 ], [ 10.10851, 48.130447 ], [ 10.108514, 48.132247 ], [ 10.094616, 48.162852 ], [ 10.089993, 48.180851 ], [ 10.085362, 48.195251 ], [ 10.085371, 48.20065 ], [ 10.08538, 48.206048 ], [ 10.0598, 48.241155 ], [ 10.06681, 48.254647 ], [ 10.064503, 48.273543 ], [ 10.066848, 48.283438 ], [ 10.043529, 48.292447 ], [ 10.038871, 48.303246 ], [ 10.03654, 48.307745 ], [ 10.008538, 48.332943 ], [ 10.010875, 48.34104 ], [ 9.996862, 48.351837 ], [ 10.001534, 48.364432 ], [ 9.98985, 48.37073 ], [ 9.980507, 48.361732 ], [ 9.971159, 48.365328 ], [ 9.968813, 48.380622 ], [ 10.010888, 48.400419 ], [ 10.024928, 48.423808 ], [ 10.041308, 48.430101 ], [ 10.027277, 48.440902 ], [ 10.038979, 48.443597 ], [ 10.034307, 48.456194 ], [ 10.085813, 48.461564 ], [ 10.106918, 48.478639 ], [ 10.134952, 48.453418 ], [ 10.174765, 48.45966 ], [ 10.184194, 48.477638 ], [ 10.200612, 48.483907 ], [ 10.217025, 48.488374 ], [ 10.226394, 48.488356 ], [ 10.240465, 48.491924 ], [ 10.233526, 48.510832 ], [ 10.268718, 48.518849 ], [ 10.273386, 48.515239 ], [ 10.310938, 48.524136 ], [ 10.299342, 48.54486 ], [ 10.311105, 48.551125 ], [ 10.311284, 48.579912 ], [ 10.301919, 48.583537 ], [ 10.292564, 48.588959 ], [ 10.297354, 48.60514 ], [ 10.318478, 48.604182 ], [ 10.323208, 48.609565 ], [ 10.304479, 48.618614 ], [ 10.297525, 48.633926 ], [ 10.262408, 48.656505 ], [ 10.257828, 48.679904 ], [ 10.274321, 48.686162 ], [ 10.269706, 48.702366 ], [ 10.304885, 48.685183 ], [ 10.316625, 48.682451 ], [ 10.319017, 48.688742 ], [ 10.340176, 48.687779 ], [ 10.354132, 48.666146 ], [ 10.34938, 48.658964 ], [ 10.363442, 48.653522 ], [ 10.365865, 48.663409 ], [ 10.389397, 48.666928 ], [ 10.39191, 48.687609 ], [ 10.406107, 48.698353 ], [ 10.431988, 48.699155 ], [ 10.438973, 48.691032 ], [ 10.422503, 48.690196 ], [ 10.427053, 48.672187 ], [ 10.408217, 48.668659 ], [ 10.410501, 48.660555 ], [ 10.462307, 48.671146 ], [ 10.481269, 48.687259 ], [ 10.49536, 48.685398 ], [ 10.48606, 48.696234 ], [ 10.476703, 48.701672 ], [ 10.483856, 48.711536 ], [ 10.472101, 48.712486 ], [ 10.458133, 48.728737 ], [ 10.462907, 48.735914 ], [ 10.444028, 48.730593 ], [ 10.425323, 48.745059 ], [ 10.415966, 48.752291 ], [ 10.43014, 48.757634 ], [ 10.413768, 48.77119 ], [ 10.432596, 48.769319 ], [ 10.430326, 48.779223 ], [ 10.435133, 48.789999 ], [ 10.418706, 48.798158 ], [ 10.442354, 48.807062 ], [ 10.444751, 48.81155 ], [ 10.449612, 48.827722 ], [ 10.426108, 48.83681 ], [ 10.428536, 48.844896 ], [ 10.454559, 48.852889 ], [ 10.452372, 48.871788 ], [ 10.445364, 48.879912 ], [ 10.454856, 48.88527 ], [ 10.450199, 48.892485 ], [ 10.419617, 48.906097 ], [ 10.452766, 48.914963 ], [ 10.457557, 48.922139 ], [ 10.438735, 48.93121 ], [ 10.452963, 48.93655 ], [ 10.443574, 48.943783 ], [ 10.431763, 48.944729 ], [ 10.420074, 48.960065 ], [ 10.415421, 48.969077 ], [ 10.405932, 48.965514 ], [ 10.401231, 48.969129 ], [ 10.40129, 48.976325 ], [ 10.413124, 48.977181 ], [ 10.391943, 48.990749 ], [ 10.380092, 48.988092 ], [ 10.38488, 48.995271 ], [ 10.37075, 49.004314 ], [ 10.356551, 49.00436 ], [ 10.347248, 49.027775 ], [ 10.32833, 49.03143 ], [ 10.318824, 49.026061 ], [ 10.316474, 49.028766 ], [ 10.295244, 49.042315 ], [ 10.283366, 49.03605 ], [ 10.264469, 49.045091 ], [ 10.25023, 49.039727 ], [ 10.257443, 49.060398 ], [ 10.264556, 49.061281 ], [ 10.257499, 49.071191 ], [ 10.233818, 49.074841 ], [ 10.250486, 49.090095 ], [ 10.23152, 49.090136 ], [ 10.222077, 49.099149 ], [ 10.205468, 49.096483 ], [ 10.224543, 49.119831 ], [ 10.2578, 49.128754 ], [ 10.246041, 49.149467 ], [ 10.229463, 49.157596 ], [ 10.212872, 49.163925 ], [ 10.19859, 49.154957 ], [ 10.191542, 49.173857 ], [ 10.179659, 49.171178 ], [ 10.179698, 49.181971 ], [ 10.172563, 49.179284 ], [ 10.158324, 49.182903 ], [ 10.15598, 49.192799 ], [ 10.127481, 49.196433 ], [ 10.125131, 49.206329 ], [ 10.141789, 49.214404 ], [ 10.125181, 49.226115 ], [ 10.12048, 49.247706 ], [ 10.132379, 49.25039 ], [ 10.132393, 49.255787 ], [ 10.113363, 49.255807 ], [ 10.113392, 49.268399 ], [ 10.127692, 49.277377 ], [ 10.132413, 49.262981 ], [ 10.149124, 49.281847 ], [ 10.158638, 49.280036 ], [ 10.130136, 49.301657 ], [ 10.146843, 49.315127 ], [ 10.134973, 49.328632 ], [ 10.12067, 49.325051 ], [ 10.108773, 49.331358 ], [ 10.101658, 49.346654 ], [ 10.108821, 49.352942 ], [ 10.125499, 49.350227 ], [ 10.125517, 49.357422 ], [ 10.111223, 49.361034 ], [ 10.113664, 49.385314 ], [ 10.161382, 49.390652 ], [ 10.151875, 49.401457 ], [ 10.140015, 49.425754 ], [ 10.120964, 49.443762 ], [ 10.1114, 49.438376 ], [ 10.094709, 49.450083 ], [ 10.104289, 49.462664 ], [ 10.118617, 49.460852 ], [ 10.118648, 49.473442 ], [ 10.099562, 49.487849 ], [ 10.11874, 49.511212 ], [ 10.085263, 49.511243 ], [ 10.078099, 49.517543 ], [ 10.087704, 49.539119 ], [ 10.082928, 49.544518 ], [ 10.059002, 49.546331 ], [ 10.063778, 49.539135 ], [ 10.042233, 49.525655 ], [ 10.058967, 49.517554 ], [ 10.04939, 49.506767 ], [ 10.025478, 49.503178 ], [ 10.020689, 49.485193 ], [ 9.98245, 49.485194 ], [ 9.98006, 49.484294 ], [ 9.97528, 49.484293 ], [ 9.96333, 49.485189 ], [ 9.951387, 49.47889 ], [ 9.915522, 49.490559 ], [ 9.925055, 49.508552 ], [ 9.915472, 49.519337 ], [ 9.927402, 49.53823 ], [ 9.922591, 49.554414 ], [ 9.924972, 49.562509 ], [ 9.898639, 49.563388 ], [ 9.915362, 49.582286 ], [ 9.900983, 49.58767 ], [ 9.877056, 49.578654 ], [ 9.862719, 49.567846 ], [ 9.867541, 49.555262 ], [ 9.857994, 49.546258 ], [ 9.812483, 49.557882 ], [ 9.819647, 49.56239 ], [ 9.826819, 49.565099 ], [ 9.82678, 49.57589 ], [ 9.838761, 49.57321 ], [ 9.850713, 49.579521 ], [ 9.838713, 49.587598 ], [ 9.845867, 49.5975 ], [ 9.872186, 49.609224 ], [ 9.864955, 49.624503 ], [ 9.852914, 49.643372 ], [ 9.83372, 49.646942 ], [ 9.826471, 49.662219 ], [ 9.821634, 49.673002 ], [ 9.838402, 49.681121 ], [ 9.855191, 49.683841 ], [ 9.83839, 49.684718 ], [ 9.823906, 49.708076 ], [ 9.797447, 49.719722 ], [ 9.794988, 49.733206 ], [ 9.79023, 49.722406 ], [ 9.756652, 49.713347 ], [ 9.751942, 49.695352 ], [ 9.730385, 49.68721 ], [ 9.710949, 49.726728 ], [ 9.677395, 49.715847 ], [ 9.677551, 49.692467 ], [ 9.663175, 49.688828 ], [ 9.634348, 49.692336 ], [ 9.624664, 49.703095 ], [ 9.63175, 49.718405 ], [ 9.641315, 49.723831 ], [ 9.629245, 49.731886 ], [ 9.646013, 49.738234 ], [ 9.641115, 49.750808 ], [ 9.65061, 49.767023 ], [ 9.648029, 49.791294 ], [ 9.583209, 49.777586 ], [ 9.566322, 49.783818 ], [ 9.559165, 49.777495 ], [ 9.564266, 49.745143 ], [ 9.547236, 49.767557 ], [ 9.513637, 49.762022 ], [ 9.506159, 49.788068 ], [ 9.479696, 49.788849 ], [ 9.470175, 49.779812 ], [ 9.470254, 49.772619 ], [ 9.45587, 49.768954 ], [ 9.431576, 49.790416 ], [ 9.402872, 49.777679 ], [ 9.38856, 49.768611 ], [ 9.376436, 49.776638 ], [ 9.371581, 49.780208 ], [ 9.357274, 49.771135 ], [ 9.316444, 49.768199 ], [ 9.324021, 49.742166 ], [ 9.297606, 49.741106 ], [ 9.321782, 49.730462 ], [ 9.35541, 49.730659 ], [ 9.372259, 49.728055 ], [ 9.345948, 49.719813 ], [ 9.358159, 49.704596 ], [ 9.382166, 49.704729 ], [ 9.386625, 49.731731 ], [ 9.405974, 49.721043 ], [ 9.418144, 49.707618 ], [ 9.420771, 49.688747 ], [ 9.40887, 49.680592 ], [ 9.413735, 49.675222 ], [ 9.399406, 49.669751 ], [ 9.411478, 49.663519 ], [ 9.406901, 49.64551 ], [ 9.385355, 49.642697 ], [ 9.368396, 49.656093 ], [ 9.337378, 49.644225 ], [ 9.310837, 49.655757 ], [ 9.30604, 49.655728 ], [ 9.284257, 49.669081 ], [ 9.269917, 49.665392 ], [ 9.272384, 49.660912 ], [ 9.255608, 49.659904 ], [ 9.24621, 49.647251 ], [ 9.274984, 49.647439 ], [ 9.284708, 49.638508 ], [ 9.272762, 49.635734 ], [ 9.270513, 49.625828 ], [ 9.285053, 49.615129 ], [ 9.27073, 49.61144 ], [ 9.259038, 49.592479 ], [ 9.242427, 49.582477 ], [ 9.230496, 49.579698 ], [ 9.225707, 49.579665 ], [ 9.194683, 49.573153 ], [ 9.173029, 49.579292 ], [ 9.12286, 49.572618 ], [ 9.103607, 49.577863 ], [ 9.081599, 49.601968 ], [ 9.067225, 49.601851 ], [ 9.064466, 49.620714 ], [ 9.100096, 49.63809 ], [ 9.104491, 49.659708 ], [ 9.08755, 49.667666 ], [ 9.087109, 49.691044 ], [ 9.106209, 49.696593 ], [ 9.125346, 49.700339 ], [ 9.125216, 49.707532 ], [ 9.120316, 49.71289 ], [ 9.132305, 49.713882 ], [ 9.139268, 49.727424 ], [ 9.143976, 49.732856 ], [ 9.151009, 49.7428 ], [ 9.131594, 49.753445 ], [ 9.129142, 49.756124 ], [ 9.107497, 49.756855 ], [ 9.116781, 49.774913 ], [ 9.133497, 49.781336 ], [ 9.126007, 49.796566 ], [ 9.111509, 49.800051 ], [ 9.092435, 49.790907 ], [ 9.087455, 49.79986 ], [ 9.077524, 49.815966 ], [ 9.084178, 49.845695 ], [ 9.060383, 49.831113 ], [ 9.060067, 49.847297 ], [ 9.052897, 49.84454 ], [ 9.053003, 49.839145 ], [ 9.03599, 49.847095 ], [ 9.043052, 49.855248 ], [ 9.033203, 49.865956 ], [ 9.050046, 49.866997 ], [ 9.035377, 49.877664 ], [ 9.037372, 49.898364 ], [ 9.025084, 49.909949 ], [ 9.032008, 49.925295 ], [ 9.019454, 49.949467 ], [ 9.026565, 49.955823 ], [ 9.016212, 49.989904 ], [ 9.018498, 49.996218 ], [ 9.047587, 49.99107 ], [ 9.039964, 50.00989 ], [ 9.032408, 50.025112 ], [ 9.034552, 50.038618 ], [ 9.024809, 50.042132 ], [ 9.010193, 50.047401 ], [ 8.983731, 50.040874 ], [ 8.97383, 50.051576 ], [ 8.983387, 50.057057 ], [ 8.990509, 50.063414 ], [ 8.992833, 50.067931 ], [ 9.004309, 50.097705 ], [ 9.016133, 50.111296 ], [ 9.028219, 50.112298 ], [ 9.037867, 50.114179 ], [ 9.071694, 50.118056 ], [ 9.122394, 50.126549 ], [ 9.13712, 50.115872 ], [ 9.154085, 50.1151 ], [ 9.139947, 50.093414 ], [ 9.152095, 50.090807 ], [ 9.161617, 50.099869 ], [ 9.192552, 50.131563 ], [ 9.182771, 50.136889 ], [ 9.202059, 50.14242 ], [ 9.233511, 50.145333 ], [ 9.257851, 50.138301 ], [ 9.282048, 50.140254 ], [ 9.308814, 50.132327 ], [ 9.318451, 50.135981 ], [ 9.328065, 50.141433 ], [ 9.345184, 50.129844 ], [ 9.374248, 50.130007 ], [ 9.403852, 50.087007 ], [ 9.425729, 50.079026 ], [ 9.447369, 50.090822 ], [ 9.46432, 50.090004 ], [ 9.481192, 50.096376 ], [ 9.510273, 50.092908 ], [ 9.515059, 50.098323 ], [ 9.517416, 50.104627 ], [ 9.519809, 50.107335 ], [ 9.507454, 50.131559 ], [ 9.512115, 50.149561 ], [ 9.514528, 50.150471 ], [ 9.531393, 50.160432 ], [ 9.526457, 50.169402 ], [ 9.502216, 50.169299 ], [ 9.501971, 50.192675 ], [ 9.521337, 50.196354 ], [ 9.5042, 50.211566 ], [ 9.494342, 50.225909 ], [ 9.501425, 50.244821 ], [ 9.513684, 50.233186 ], [ 9.537958, 50.233286 ], [ 9.540463, 50.225204 ], [ 9.571989, 50.228024 ], [ 9.576764, 50.237033 ], [ 9.579311, 50.223556 ], [ 9.596306, 50.222718 ], [ 9.620574, 50.222801 ], [ 9.620531, 50.228196 ], [ 9.622951, 50.229103 ], [ 9.669011, 50.237337 ], [ 9.639799, 50.248038 ], [ 9.642166, 50.256137 ], [ 9.65421, 50.269661 ], [ 9.671196, 50.272408 ], [ 9.693032, 50.276964 ], [ 9.702727, 50.280586 ], [ 9.709956, 50.290494 ], [ 9.729378, 50.294138 ], [ 9.748737, 50.310366 ], [ 9.746224, 50.325644 ], [ 9.741242, 50.347211 ], [ 9.731448, 50.357977 ], [ 9.753234, 50.380502 ], [ 9.755479, 50.417368 ], [ 9.765181, 50.426379 ], [ 9.779847, 50.417417 ], [ 9.789554, 50.426426 ], [ 9.804193, 50.422856 ], [ 9.809067, 50.422864 ], [ 9.806671, 50.412971 ], [ 9.850575, 50.398651 ], [ 9.872466, 50.410365 ], [ 9.884677, 50.398691 ], [ 9.938238, 50.420309 ], [ 9.962605, 50.423916 ], [ 9.965035, 50.433806 ], [ 9.986971, 50.445498 ], [ 9.999162, 50.460782 ], [ 10.021117, 50.467074 ], [ 10.030883, 50.479658 ], [ 10.038221, 50.502131 ], [ 10.043118, 50.518312 ], [ 10.06511, 50.52819 ], [ 10.099363, 50.555136 ], [ 10.10916, 50.564117 ], [ 10.126269, 50.563201 ], [ 10.121361, 50.556014 ], [ 10.13843, 50.54251 ], [ 10.150672, 50.550585 ], [ 10.172643, 50.544261 ], [ 10.180004, 50.552341 ], [ 10.204442, 50.5523 ], [ 10.226337, 50.531582 ], [ 10.226259, 50.5154 ], [ 10.257989, 50.512636 ], [ 10.301813, 50.492751 ], [ 10.328668, 50.493576 ], [ 10.340787, 50.481853 ], [ 10.335817, 50.469281 ], [ 10.347968, 50.462952 ], [ 10.374606, 50.438594 ], [ 10.369674, 50.431418 ], [ 10.406183, 50.425001 ], [ 10.384095, 50.406197 ], [ 10.39375, 50.395376 ], [ 10.437592, 50.395217 ], [ 10.449847, 50.403261 ], [ 10.461773, 50.377141 ], [ 10.473884, 50.370798 ], [ 10.488527, 50.374332 ], [ 10.495746, 50.36621 ], [ 10.485972, 50.362655 ], [ 10.490766, 50.355442 ], [ 10.510293, 50.360751 ], [ 10.515063, 50.351739 ], [ 10.534692, 50.366035 ], [ 10.55406, 50.356952 ], [ 10.556314, 50.341657 ], [ 10.578134, 50.335255 ], [ 10.599992, 50.332445 ], [ 10.597435, 50.322569 ], [ 10.599356, 50.2821 ], [ 10.589503, 50.271362 ], [ 10.601638, 50.270399 ], [ 10.596689, 50.263232 ], [ 10.613517, 50.249657 ], [ 10.598902, 50.246138 ], [ 10.608384, 50.228106 ], [ 10.634998, 50.221667 ], [ 10.65939, 50.23052 ], [ 10.656875, 50.224241 ], [ 10.661704, 50.222415 ], [ 10.683584, 50.224983 ], [ 10.695521, 50.211424 ], [ 10.722113, 50.204965 ], [ 10.729763, 50.229193 ], [ 10.732537, 50.251654 ], [ 10.763916, 50.23976 ], [ 10.783514, 50.250417 ], [ 10.800526, 50.251198 ], [ 10.8052, 50.240375 ], [ 10.824559, 50.236641 ], [ 10.853946, 50.250811 ], [ 10.844649, 50.274258 ], [ 10.842236, 50.275175 ], [ 10.813114, 50.277184 ], [ 10.801072, 50.283562 ], [ 10.806054, 50.29072 ], [ 10.767229, 50.294584 ], [ 10.748069, 50.312693 ], [ 10.716556, 50.319188 ], [ 10.714246, 50.327294 ], [ 10.729005, 50.33799 ], [ 10.726724, 50.347895 ], [ 10.712098, 50.346189 ], [ 10.717236, 50.364138 ], [ 10.756094, 50.358494 ], [ 10.763612, 50.371931 ], [ 10.77335, 50.371865 ], [ 10.785716, 50.383469 ], [ 10.800265, 50.379772 ], [ 10.832122, 50.391234 ], [ 10.856411, 50.387458 ], [ 10.878477, 50.395383 ], [ 10.890367, 50.380007 ], [ 10.902627, 50.384406 ], [ 10.917341, 50.389684 ], [ 10.936895, 50.393123 ], [ 10.944075, 50.38677 ], [ 10.987119, 50.348644 ], [ 10.999304, 50.349438 ], [ 10.994777, 50.365661 ], [ 11.036017, 50.359002 ], [ 11.045593, 50.351722 ], [ 11.033368, 50.349136 ], [ 11.043021, 50.345452 ], [ 11.084525, 50.35136 ], [ 11.094631, 50.367448 ], [ 11.114104, 50.367261 ], [ 11.116093, 50.348359 ], [ 11.128451, 50.356331 ], [ 11.138098, 50.352639 ], [ 11.159359, 50.32635 ], [ 11.129662, 50.305067 ], [ 11.146222, 50.28602 ], [ 11.158437, 50.288595 ], [ 11.182512, 50.279357 ], [ 11.174979, 50.269543 ], [ 11.19205, 50.272064 ], [ 11.192366, 50.284649 ], [ 11.197452, 50.293588 ], [ 11.245395, 50.267899 ], [ 11.257706, 50.274059 ], [ 11.251106, 50.300207 ], [ 11.268288, 50.306313 ], [ 11.256491, 50.31993 ], [ 11.261689, 50.332461 ], [ 11.261832, 50.337855 ], [ 11.262215, 50.352237 ], [ 11.262263, 50.354035 ], [ 11.284333, 50.360084 ], [ 11.277591, 50.38084 ], [ 11.263223, 50.389991 ], [ 11.270649, 50.394405 ], [ 11.258639, 50.400831 ], [ 11.269299, 50.434882 ], [ 11.245304, 50.449531 ], [ 11.252833, 50.457541 ], [ 11.246063, 50.478295 ], [ 11.270556, 50.481623 ], [ 11.285343, 50.486853 ], [ 11.294955, 50.48135 ], [ 11.302498, 50.489357 ], [ 11.32202, 50.489134 ], [ 11.322524, 50.507111 ], [ 11.347038, 50.510423 ], [ 11.34236, 50.517671 ], [ 11.369401, 50.523646 ], [ 11.388672, 50.514423 ], [ 11.422961, 50.5176 ], [ 11.439531, 50.50031 ], [ 11.416997, 50.481707 ], [ 11.418329, 50.444825 ], [ 11.423096, 50.441169 ], [ 11.451961, 50.428219 ], [ 11.483783, 50.432308 ], [ 11.488091, 50.414268 ], [ 11.478009, 50.403608 ], [ 11.489989, 50.397159 ], [ 11.514343, 50.39684 ], [ 11.520984, 50.37607 ], [ 11.533243, 50.378604 ], [ 11.562633, 50.383603 ], [ 11.565395, 50.393456 ], [ 11.599791, 50.401974 ], [ 11.609227, 50.392849 ], [ 11.618783, 50.387319 ], [ 11.64079, 50.389704 ], [ 11.655525, 50.393089 ], [ 11.687277, 50.395324 ], [ 11.68968, 50.394389 ], [ 11.704614, 50.403161 ], [ 11.733841, 50.402723 ], [ 11.733907, 50.40452 ], [ 11.741445, 50.410701 ], [ 11.760732, 50.40501 ], [ 11.751389, 50.415945 ], [ 11.770744, 50.41205 ], [ 11.797778, 50.417924 ], [ 11.809443, 50.404252 ], [ 11.826457, 50.403083 ], [ 11.81884, 50.395111 ], [ 11.823502, 50.389641 ], [ 11.83345, 50.394878 ], [ 11.860483, 50.400737 ], [ 11.875309, 50.405891 ], [ 11.883009, 50.415657 ], [ 11.900098, 50.416275 ], [ 11.922352, 50.423997 ], [ 11.944021, 50.417337 ], [ 11.950328, 50.392949 ], [ 11.967634, 50.398948 ], [ 11.984114, 50.385174 ], [ 11.977893, 50.352906 ], [ 12.02848, 50.34033 ], [ 12.032882, 50.32946 ], [ 12.040447, 50.335621 ], [ 12.054648, 50.326373 ], [ 12.057353, 50.33262 ], [ 12.091237, 50.328409 ], [ 12.102956, 50.318301 ], [ 12.126862, 50.308866 ], [ 12.119129, 50.299116 ], [ 12.139903, 50.274446 ], [ 12.098099, 50.263528 ], [ 12.102637, 50.25625 ], [ 12.092689, 50.251036 ], [ 12.130641, 50.230548 ], [ 12.150296, 50.235577 ], [ 12.145119, 50.228479 ], [ 12.161735, 50.220071 ], [ 12.158942, 50.212029 ], [ 12.199633, 50.19956 ], [ 12.187303, 50.1953 ], [ 12.203983, 50.188683 ], [ 12.212594, 50.165131 ], [ 12.19435, 50.137601 ], [ 12.200661, 50.116792 ], [ 12.207299, 50.103172 ], [ 12.226658, 50.102795 ], [ 12.231077, 50.093714 ], [ 12.250432, 50.093334 ], [ 12.273855, 50.076678 ], [ 12.260869, 50.058048 ], [ 12.30201, 50.058123 ], [ 12.318627, 50.05149 ], [ 12.322589, 50.033419 ], [ 12.339898, 50.04116 ], [ 12.377223, 50.013401 ], [ 12.399095, 50.015641 ], [ 12.396275, 50.007605 ], [ 12.42252, 50.000752 ], [ 12.434455, 49.997799 ], [ 12.424434, 49.990816 ], [ 12.436184, 49.984268 ], [ 12.463335, 49.995378 ], [ 12.498375, 49.972125 ], [ 12.492895, 49.959651 ], [ 12.470581, 49.948443 ], [ 12.474756, 49.935758 ], [ 12.491774, 49.938085 ], [ 12.512864, 49.925926 ], [ 12.539428, 49.926235 ], [ 12.553127, 49.911535 ], [ 12.539984, 49.891138 ], [ 12.517692, 49.879939 ], [ 12.514202, 49.859325 ], [ 12.497024, 49.853407 ], [ 12.498638, 49.838078 ], [ 12.486746, 49.841038 ], [ 12.471846, 49.832367 ], [ 12.47601, 49.819682 ], [ 12.465929, 49.810905 ], [ 12.472728, 49.802661 ], [ 12.465009, 49.792933 ], [ 12.474348, 49.787332 ], [ 12.400711, 49.758328 ], [ 12.402353, 49.743 ], [ 12.411421, 49.732012 ], [ 12.428183, 49.730754 ], [ 12.438872, 49.704435 ], [ 12.484049, 49.695356 ], [ 12.486033, 49.687215 ], [ 12.524225, 49.682771 ], [ 12.52367, 49.626104 ], [ 12.533253, 49.625889 ], [ 12.530435, 49.617855 ], [ 12.561716, 49.61985 ], [ 12.563018, 49.599127 ], [ 12.579157, 49.587063 ], [ 12.572845, 49.558416 ], [ 12.588872, 49.544554 ], [ 12.590832, 49.536411 ], [ 12.614261, 49.526873 ], [ 12.631045, 49.527383 ], [ 12.631337, 49.532775 ], [ 12.640608, 49.52716 ], [ 12.645579, 49.486554 ], [ 12.63544, 49.475994 ], [ 12.656002, 49.458415 ], [ 12.655316, 49.445835 ], [ 12.657066, 49.434096 ], [ 12.678097, 49.4255 ], [ 12.709161, 49.425657 ], [ 12.713332, 49.414759 ], [ 12.757684, 49.396585 ], [ 12.7589, 49.375858 ], [ 12.779683, 49.363649 ], [ 12.776432, 49.348431 ], [ 12.785755, 49.344601 ], [ 12.845347, 49.34401 ], [ 12.885144, 49.331297 ], [ 12.879113, 49.35035 ], [ 12.921663, 49.343853 ], [ 12.947913, 49.344068 ], [ 12.971181, 49.334457 ], [ 13.007618, 49.306489 ], [ 13.028867, 49.303219 ], [ 13.024877, 49.277227 ], [ 13.033722, 49.266188 ], [ 13.055064, 49.26471 ], [ 13.070524, 49.245388 ], [ 13.082576, 49.247758 ], [ 13.095361, 49.224006 ], [ 13.116341, 49.217125 ], [ 13.108248, 49.202048 ], [ 13.133964, 49.195033 ], [ 13.17044, 49.170606 ], [ 13.1775, 49.169506 ], [ 13.170899, 49.14089 ], [ 13.207552, 49.120045 ], [ 13.235641, 49.113836 ], [ 13.28364, 49.121441 ], [ 13.341006, 49.09184 ], [ 13.376566, 49.056565 ], [ 13.397437, 49.049632 ], [ 13.399941, 49.017148 ], [ 13.410835, 49.003313 ], [ 13.400511, 48.991024 ], [ 13.41395, 48.979811 ], [ 13.434658, 48.971074 ], [ 13.462258, 48.959419 ], [ 13.489592, 48.944164 ], [ 13.508357, 48.941776 ], [ 13.508739, 48.947165 ], [ 13.507843, 48.967901 ], [ 13.52483, 48.973668 ], [ 13.573996, 48.965804 ], [ 13.581539, 48.971865 ], [ 13.595063, 48.962427 ], [ 13.59848, 48.94431 ], [ 13.629508, 48.947808 ], [ 13.6217, 48.938158 ], [ 13.643327, 48.910443 ], [ 13.656292, 48.893812 ], [ 13.66802, 48.892526 ], [ 13.671806, 48.879796 ], [ 13.704956, 48.880501 ], [ 13.723822, 48.879873 ], [ 13.738378, 48.884789 ], [ 13.762861, 48.83354 ], [ 13.78642, 48.832742 ], [ 13.797169, 48.818869 ], [ 13.81664, 48.795691 ], [ 13.803838, 48.782622 ], [ 13.817132, 48.771361 ], [ 13.840661, 48.770552 ], [ 13.825576, 48.758464 ], [ 13.818803, 48.73168 ], [ 13.796205, 48.713543 ], [ 13.811764, 48.701304 ], [ 13.837402, 48.69772 ], [ 13.813495, 48.693139 ], [ 13.815718, 48.660643 ], [ 13.826775, 48.620638 ], [ 13.801402, 48.596294 ], [ 13.804725, 48.578168 ], [ 13.770014, 48.554137 ], [ 13.756765, 48.565393 ], [ 13.743637, 48.546925 ], [ 13.749522, 48.531417 ], [ 13.73266, 48.525682 ], [ 13.734266, 48.515721 ], [ 13.724634, 48.512443 ], [ 13.660528, 48.53439 ], [ 13.656762, 48.547121 ], [ 13.624354, 48.553588 ], [ 13.601958, 48.568725 ], [ 13.568504, 48.560801 ], [ 13.550521, 48.572183 ], [ 13.511871, 48.590521 ], [ 13.50224, 48.587223 ], [ 13.500982, 48.569255 ], [ 13.474762, 48.563776 ], [ 13.469328, 48.553141 ], [ 13.446514, 48.562856 ], [ 13.436892, 48.559552 ], [ 13.438557, 48.549596 ], [ 13.451625, 48.534784 ], [ 13.443918, 48.525119 ], [ 13.459505, 48.512928 ], [ 13.446502, 48.494424 ], [ 13.425202, 48.457266 ], [ 13.439788, 48.430701 ], [ 13.421897, 48.408744 ], [ 13.420308, 48.385381 ], [ 13.398136, 48.368956 ], [ 13.298231, 48.308049 ], [ 13.257484, 48.29215 ], [ 13.213245, 48.294346 ], [ 13.175941, 48.295424 ], [ 13.128084, 48.276982 ], [ 13.097838, 48.278734 ], [ 13.081467, 48.278292 ], [ 13.009932, 48.253254 ], [ 12.970331, 48.214712 ], [ 12.93494, 48.207556 ], [ 12.871732, 48.202917 ], [ 12.85407, 48.179068 ], [ 12.831675, 48.153536 ], [ 12.801097, 48.148015 ], [ 12.788038, 48.122238 ], [ 12.765091, 48.128218 ], [ 12.747896, 48.111542 ], [ 12.757513, 48.07439 ], [ 12.806905, 48.04253 ], [ 12.847463, 48.019879 ], [ 12.874418, 47.962454 ], [ 12.922603, 47.953079 ], [ 12.919515, 47.939655 ], [ 12.93835, 47.944555 ], [ 12.939785, 47.929209 ], [ 12.965999, 47.901491 ], [ 12.987246, 47.868497 ], [ 13.004899, 47.853608 ], [ 13.00416, 47.841021 ], [ 12.977432, 47.819237 ], [ 12.96222, 47.796237 ], [ 12.938202, 47.780674 ], [ 12.928352, 47.770132 ], [ 12.940046, 47.77252 ], [ 12.946506, 47.764242 ], [ 12.934608, 47.758258 ], [ 12.933888, 47.74567 ], [ 12.91031, 47.737294 ], [ 12.904986, 47.724829 ], [ 12.924971, 47.710789 ], [ 12.984697, 47.705574 ], [ 12.996589, 47.711553 ], [ 13.018127, 47.724469 ], [ 13.047302, 47.710152 ], [ 13.080532, 47.686707 ], [ 13.074956, 47.670653 ], [ 13.087374, 47.646887 ], [ 13.100646, 47.637505 ], [ 13.09775, 47.627681 ], [ 13.061573, 47.600781 ], [ 13.072485, 47.590568 ], [ 13.046816, 47.584983 ], [ 13.041581, 47.574321 ], [ 13.059227, 47.561219 ], [ 13.030168, 47.536812 ], [ 13.045455, 47.522877 ], [ 13.04867, 47.49937 ], [ 13.043444, 47.488708 ], [ 13.024872, 47.485622 ], [ 13.017095, 47.470526 ], [ 13.002807, 47.461914 ], [ 12.985594, 47.482201 ], [ 12.971927, 47.484376 ], [ 12.966719, 47.47371 ], [ 12.910614, 47.497738 ], [ 12.888259, 47.50914 ], [ 12.886514, 47.519092 ], [ 12.848113, 47.531809 ], [ 12.846657, 47.547157 ], [ 12.812039, 47.545353 ], [ 12.791989, 47.557574 ], [ 12.779456, 47.581308 ], [ 12.796187, 47.592588 ], [ 12.796869, 47.605178 ], [ 12.822521, 47.610821 ], [ 12.79804, 47.62676 ], [ 12.777664, 47.633583 ], [ 12.757957, 47.652993 ], [ 12.776671, 47.657922 ], [ 12.784407, 47.673033 ], [ 12.756184, 47.662943 ], [ 12.743131, 47.677678 ], [ 12.715293, 47.674771 ], [ 12.694888, 47.681579 ], [ 12.667238, 47.682257 ], [ 12.650506, 47.670958 ], [ 12.630094, 47.677753 ], [ 12.60443, 47.672065 ], [ 12.574805, 47.633147 ], [ 12.535802, 47.636761 ], [ 12.500699, 47.625864 ], [ 12.438459, 47.67409 ], [ 12.443835, 47.690176 ], [ 12.439482, 47.695676 ], [ 12.414, 47.69354 ], [ 12.365057, 47.682904 ], [ 12.333447, 47.697988 ], [ 12.284677, 47.690915 ], [ 12.260995, 47.677002 ], [ 12.251935, 47.68079 ], [ 12.241313, 47.701715 ], [ 12.265715, 47.731822 ], [ 12.256962, 47.742807 ], [ 12.228338, 47.721786 ], [ 12.183562, 47.700182 ], [ 12.165118, 47.700548 ], [ 12.162397, 47.690699 ], [ 12.19916, 47.633247 ], [ 12.209863, 47.614125 ], [ 12.18405, 47.602939 ], [ 12.17764, 47.614771 ], [ 12.122031, 47.606862 ], [ 12.115385, 47.613293 ], [ 12.083017, 47.610314 ], [ 12.060362, 47.619746 ], [ 12.023178, 47.611438 ], [ 12.009929, 47.626087 ], [ 11.974947, 47.615021 ], [ 11.933448, 47.613963 ], [ 11.891818, 47.60929 ], [ 11.854669, 47.600924 ], [ 11.847089, 47.582148 ], [ 11.778386, 47.59229 ], [ 11.748262, 47.586475 ], [ 11.702367, 47.590801 ], [ 11.660662, 47.582441 ], [ 11.633397, 47.593654 ], [ 11.632999, 47.581057 ], [ 11.603065, 47.5806 ], [ 11.602674, 47.568004 ], [ 11.586216, 47.556541 ], [ 11.589929, 47.527681 ], [ 11.573431, 47.514417 ], [ 11.506462, 47.503659 ], [ 11.485969, 47.510242 ], [ 11.449109, 47.507137 ], [ 11.435575, 47.516318 ], [ 11.412058, 47.496821 ], [ 11.383871, 47.473777 ], [ 11.392812, 47.464661 ], [ 11.408954, 47.467154 ], [ 11.419864, 47.446308 ], [ 11.376338, 47.449567 ], [ 11.364699, 47.443412 ], [ 11.339622, 47.450024 ], [ 11.318488, 47.431378 ], [ 11.290871, 47.428108 ], [ 11.292784, 47.412782 ], [ 11.27867, 47.398545 ], [ 11.225835, 47.394652 ], [ 11.22142, 47.401903 ], [ 11.254126, 47.426737 ], [ 11.249668, 47.432189 ], [ 11.206144, 47.43538 ], [ 11.19676, 47.426482 ], [ 11.162252, 47.422354 ], [ 11.127593, 47.411016 ], [ 11.113487, 47.394958 ], [ 11.046951, 47.392917 ], [ 10.971419, 47.399918 ], [ 10.967068, 47.412559 ], [ 10.985585, 47.421395 ], [ 10.981236, 47.434036 ], [ 10.933689, 47.469559 ], [ 10.926818, 47.470518 ], [ 10.938444, 47.47852 ], [ 10.933949, 47.483959 ], [ 10.881023, 47.478099 ], [ 10.867397, 47.487209 ], [ 10.874545, 47.502454 ], [ 10.918432, 47.515595 ], [ 10.897861, 47.522066 ], [ 10.884349, 47.538378 ], [ 10.852105, 47.535035 ], [ 10.838138, 47.524342 ], [ 10.819809, 47.528081 ], [ 10.810474, 47.51915 ], [ 10.77822, 47.513984 ], [ 10.762228, 47.520398 ], [ 10.762414, 47.532998 ], [ 10.716515, 47.538709 ], [ 10.691408, 47.552372 ], [ 10.689192, 47.558686 ], [ 10.631685, 47.558134 ], [ 10.617994, 47.567213 ], [ 10.595012, 47.569141 ], [ 10.592599, 47.559253 ], [ 10.578759, 47.555727 ], [ 10.576229, 47.535039 ], [ 10.518749, 47.534427 ], [ 10.454557, 47.554515 ], [ 10.47782, 47.583217 ], [ 10.470942, 47.585947 ], [ 10.438712, 47.584281 ], [ 10.431756, 47.578008 ], [ 10.449958, 47.554534 ], [ 10.438223, 47.52668 ], [ 10.442712, 47.514061 ], [ 10.43111, 47.500606 ], [ 10.440162, 47.484369 ], [ 10.465416, 47.483364 ], [ 10.474141, 47.432922 ], [ 10.434949, 47.410583 ], [ 10.432438, 47.384489 ], [ 10.3888, 47.372952 ], [ 10.386394, 47.357659 ], [ 10.331067, 47.303833 ], [ 10.296722, 47.301231 ], [ 10.237082, 47.270772 ], [ 10.221098, 47.277107 ], [ 10.177615, 47.270886 ], [ 10.17078, 47.278998 ], [ 10.179986, 47.295186 ], [ 10.202883, 47.298746 ], [ 10.21438, 47.312227 ], [ 10.198416, 47.327559 ], [ 10.237541, 47.371587 ], [ 10.235295, 47.381493 ], [ 10.228446, 47.387809 ], [ 10.203206, 47.381558 ], [ 10.182619, 47.393296 ], [ 10.180298, 47.385199 ], [ 10.168834, 47.384317 ], [ 10.166493, 47.369019 ], [ 10.143568, 47.365451 ], [ 10.120675, 47.37448 ], [ 10.100017, 47.357398 ], [ 10.084037, 47.392516 ], [ 10.086343, 47.400615 ], [ 10.070303, 47.408728 ], [ 10.10704, 47.4303 ], [ 10.091001, 47.442016 ], [ 10.091033, 47.460017 ], [ 10.072661, 47.454631 ], [ 10.058901, 47.46544 ], [ 10.04285, 47.487949 ], [ 10.01299, 47.481656 ], [ 9.994618, 47.485257 ], [ 9.987725, 47.498757 ], [ 9.994616, 47.503258 ], [ 9.964738, 47.520354 ], [ 9.969318, 47.547356 ], [ 9.957826, 47.541052 ], [ 9.960132, 47.532953 ], [ 9.941738, 47.536544 ], [ 9.91646, 47.530228 ], [ 9.90955, 47.538323 ], [ 9.879644, 47.546394 ], [ 9.870487, 47.530183 ], [ 9.849765, 47.541857 ], [ 9.817558, 47.547208 ], [ 9.826623, 47.586824 ], [ 9.803577, 47.595785 ], [ 9.766777, 47.590313 ], [ 9.741638, 47.555155 ], [ 9.730257, 47.532627 ], [ 9.711757, 47.55238 ], [ 9.679618, 47.54329 ], [ 9.681834, 47.556797 ] ], [ [ 11.491287, 48.012418 ], [ 11.491287, 48.012417 ], [ 11.500248, 48.001496 ], [ 11.491287, 48.012418 ] ] ] } },
{ "type": "Feature", "properties": { "state_id": 10, "name": "Saarland" }, "geometry": { "type": "Polygon", "coordinates": [ [ [ 6.829206, 49.150794 ], [ 6.787769, 49.166716 ], [ 6.738006, 49.16438 ], [ 6.725724, 49.170322 ], [ 6.710405, 49.186076 ], [ 6.73051, 49.205567 ], [ 6.722367, 49.220631 ], [ 6.719932, 49.22146 ], [ 6.698979, 49.214545 ], [ 6.688873, 49.223248 ], [ 6.68949, 49.24937 ], [ 6.66036, 49.257509 ], [ 6.669135, 49.268571 ], [ 6.660961, 49.28363 ], [ 6.651572, 49.281551 ], [ 6.638633, 49.296467 ], [ 6.591875, 49.317562 ], [ 6.595758, 49.330281 ], [ 6.563615, 49.346407 ], [ 6.56311, 49.353592 ], [ 6.577146, 49.357621 ], [ 6.589619, 49.349898 ], [ 6.600087, 49.370918 ], [ 6.583348, 49.371311 ], [ 6.584662, 49.386653 ], [ 6.560579, 49.38952 ], [ 6.538175, 49.402336 ], [ 6.542051, 49.415057 ], [ 6.556103, 49.419088 ], [ 6.53575, 49.436466 ], [ 6.518988, 49.43685 ], [ 6.506353, 49.44636 ], [ 6.484297, 49.453775 ], [ 6.429958, 49.477272 ], [ 6.404562, 49.464762 ], [ 6.37347, 49.464666 ], [ 6.356358, 49.53343 ], [ 6.381375, 49.551338 ], [ 6.415511, 49.543426 ], [ 6.424808, 49.547321 ], [ 6.454153, 49.539246 ], [ 6.47069, 49.542464 ], [ 6.493177, 49.529664 ], [ 6.514236, 49.536617 ], [ 6.524439, 49.527931 ], [ 6.540337, 49.54012 ], [ 6.564242, 49.540851 ], [ 6.579218, 49.532305 ], [ 6.580103, 49.519731 ], [ 6.60425, 49.51686 ], [ 6.605698, 49.530404 ], [ 6.617836, 49.528069 ], [ 6.619664, 49.536224 ], [ 6.635961, 49.543011 ], [ 6.643568, 49.536937 ], [ 6.650306, 49.543438 ], [ 6.64981, 49.550624 ], [ 6.652139, 49.551593 ], [ 6.662321, 49.542894 ], [ 6.685861, 49.548988 ], [ 6.689171, 49.535585 ], [ 6.716521, 49.556184 ], [ 6.759209, 49.562817 ], [ 6.768417, 49.568481 ], [ 6.810059, 49.591264 ], [ 6.824772, 49.586279 ], [ 6.834579, 49.582955 ], [ 6.841231, 49.59124 ], [ 6.861667, 49.608909 ], [ 6.878832, 49.603085 ], [ 6.890052, 49.615093 ], [ 6.928594, 49.612548 ], [ 6.928252, 49.617938 ], [ 6.93538, 49.619031 ], [ 6.929793, 49.631478 ], [ 6.946391, 49.634627 ], [ 6.951861, 49.623976 ], [ 6.977479, 49.636363 ], [ 6.989625, 49.633987 ], [ 6.987956, 49.622244 ], [ 7.00177, 49.63161 ], [ 7.009123, 49.629105 ], [ 7.030076, 49.639556 ], [ 7.056923, 49.632159 ], [ 7.079622, 49.613851 ], [ 7.085168, 49.601397 ], [ 7.104213, 49.603686 ], [ 7.116666, 49.595906 ], [ 7.159441, 49.602389 ], [ 7.171674, 49.598196 ], [ 7.18729, 49.576991 ], [ 7.21122, 49.577584 ], [ 7.209292, 49.569438 ], [ 7.2264, 49.563561 ], [ 7.238005, 49.570144 ], [ 7.24727, 49.575769 ], [ 7.254601, 49.573248 ], [ 7.266009, 49.583422 ], [ 7.264376, 49.569886 ], [ 7.276793, 49.562088 ], [ 7.275158, 49.548552 ], [ 7.280645, 49.536087 ], [ 7.302216, 49.535705 ], [ 7.305454, 49.520486 ], [ 7.291012, 49.52194 ], [ 7.284694, 49.506492 ], [ 7.287434, 49.500259 ], [ 7.28112, 49.48481 ], [ 7.29789, 49.484314 ], [ 7.305603, 49.4746 ], [ 7.298888, 49.466342 ], [ 7.285063, 49.457011 ], [ 7.249712, 49.448056 ], [ 7.25296, 49.432838 ], [ 7.2897, 49.416631 ], [ 7.292634, 49.406804 ], [ 7.295467, 49.398774 ], [ 7.288764, 49.390514 ], [ 7.303266, 49.387263 ], [ 7.368359, 49.375306 ], [ 7.36894, 49.364522 ], [ 7.394815, 49.371423 ], [ 7.402108, 49.368892 ], [ 7.392768, 49.365077 ], [ 7.400443, 49.355356 ], [ 7.388579, 49.354182 ], [ 7.403446, 49.343728 ], [ 7.399065, 49.336429 ], [ 7.385545, 49.321718 ], [ 7.395451, 49.31475 ], [ 7.379125, 49.308072 ], [ 7.387081, 49.29296 ], [ 7.373384, 49.281843 ], [ 7.340081, 49.281059 ], [ 7.338728, 49.26213 ], [ 7.322722, 49.250052 ], [ 7.310491, 49.256059 ], [ 7.290435, 49.23128 ], [ 7.305187, 49.222636 ], [ 7.296674, 49.204434 ], [ 7.306075, 49.20646 ], [ 7.321208, 49.190624 ], [ 7.333226, 49.188211 ], [ 7.333909, 49.175629 ], [ 7.351251, 49.162542 ], [ 7.365682, 49.159282 ], [ 7.359384, 49.143836 ], [ 7.328401, 49.145802 ], [ 7.31021, 49.130968 ], [ 7.292129, 49.114334 ], [ 7.284571, 49.122251 ], [ 7.246133, 49.130312 ], [ 7.203756, 49.123863 ], [ 7.199526, 49.114758 ], [ 7.184377, 49.130578 ], [ 7.163191, 49.127343 ], [ 7.154019, 49.121711 ], [ 7.124309, 49.142552 ], [ 7.105441, 49.140266 ], [ 7.114189, 49.153092 ], [ 7.099743, 49.156319 ], [ 7.080977, 49.152232 ], [ 7.087106, 49.128992 ], [ 7.052563, 49.110988 ], [ 7.042542, 49.119724 ], [ 7.045881, 49.143213 ], [ 7.027921, 49.165238 ], [ 7.032015, 49.176146 ], [ 7.033466, 49.191485 ], [ 7.012263, 49.188222 ], [ 6.975272, 49.209731 ], [ 6.959038, 49.202992 ], [ 6.934058, 49.222113 ], [ 6.894416, 49.209323 ], [ 6.860249, 49.222773 ], [ 6.837075, 49.213121 ], [ 6.862892, 49.181444 ], [ 6.842398, 49.167368 ], [ 6.843206, 49.154789 ], [ 6.829206, 49.150794 ] ] ] } },
{ "type": "Feature", "properties": { "state_id": 11, "name": "Berlin" }, "geometry": { "type": "Polygon", "coordinates": [ [ [ 13.146198, 52.553124 ], [ 13.155202, 52.571773 ], [ 13.153357, 52.581715 ], [ 13.135293, 52.579493 ], [ 13.128208, 52.587774 ], [ 13.162241, 52.598569 ], [ 13.20481, 52.585741 ], [ 13.220392, 52.58892 ], [ 13.20127, 52.607422 ], [ 13.218174, 52.628554 ], [ 13.23613, 52.628968 ], [ 13.266798, 52.628134 ], [ 13.26262, 52.64084 ], [ 13.283339, 52.64387 ], [ 13.281923, 52.6592 ], [ 13.307361, 52.656699 ], [ 13.311393, 52.642197 ], [ 13.310446, 52.62963 ], [ 13.345952, 52.625043 ], [ 13.376892, 52.62777 ], [ 13.399002, 52.648731 ], [ 13.433952, 52.636938 ], [ 13.440048, 52.649356 ], [ 13.471011, 52.652059 ], [ 13.451544, 52.665216 ], [ 13.477973, 52.675244 ], [ 13.489122, 52.65423 ], [ 13.524198, 52.644205 ], [ 13.501173, 52.612498 ], [ 13.495493, 52.605468 ], [ 13.50719, 52.591631 ], [ 13.525278, 52.593797 ], [ 13.560297, 52.583762 ], [ 13.584509, 52.566844 ], [ 13.58815, 52.548743 ], [ 13.610884, 52.545358 ], [ 13.636092, 52.540993 ], [ 13.630105, 52.53038 ], [ 13.655599, 52.529601 ], [ 13.657776, 52.525036 ], [ 13.628332, 52.508843 ], [ 13.609813, 52.469822 ], [ 13.625089, 52.469358 ], [ 13.641252, 52.479661 ], [ 13.66627, 52.473495 ], [ 13.696073, 52.463577 ], [ 13.705352, 52.452493 ], [ 13.703935, 52.466032 ], [ 13.721075, 52.4574 ], [ 13.733118, 52.448926 ], [ 13.753475, 52.448286 ], [ 13.755334, 52.44013 ], [ 13.745157, 52.44045 ], [ 13.744094, 52.427888 ], [ 13.728077, 52.419394 ], [ 13.737188, 52.406513 ], [ 13.687016, 52.385587 ], [ 13.699047, 52.377116 ], [ 13.687988, 52.366664 ], [ 13.675511, 52.369749 ], [ 13.650063, 52.339045 ], [ 13.635273, 52.344897 ], [ 13.644881, 52.368893 ], [ 13.628201, 52.382898 ], [ 13.607142, 52.374543 ], [ 13.60482, 52.377312 ], [ 13.593499, 52.394748 ], [ 13.562276, 52.386691 ], [ 13.534392, 52.388423 ], [ 13.538009, 52.401809 ], [ 13.479042, 52.397252 ], [ 13.470562, 52.419089 ], [ 13.457915, 52.420357 ], [ 13.418862, 52.409792 ], [ 13.427366, 52.387958 ], [ 13.418702, 52.374714 ], [ 13.388486, 52.379178 ], [ 13.386699, 52.389123 ], [ 13.371312, 52.387762 ], [ 13.371858, 52.394942 ], [ 13.342437, 52.410165 ], [ 13.31359, 52.399279 ], [ 13.294319, 52.414205 ], [ 13.270567, 52.403168 ], [ 13.247748, 52.404693 ], [ 13.246324, 52.420022 ], [ 13.223496, 52.421542 ], [ 13.163767, 52.406056 ], [ 13.158169, 52.39901 ], [ 13.170818, 52.397774 ], [ 13.155179, 52.392793 ], [ 13.110048, 52.402976 ], [ 13.10063, 52.414015 ], [ 13.087725, 52.411652 ], [ 13.120143, 52.437788 ], [ 13.108365, 52.451587 ], [ 13.115101, 52.474795 ], [ 13.15268, 52.500788 ], [ 13.163646, 52.51129 ], [ 13.146378, 52.519842 ], [ 13.115656, 52.51885 ], [ 13.125149, 52.544683 ], [ 13.128274, 52.552696 ], [ 13.146198, 52.553124 ] ] ] } },
{ "type": "Feature", "properties": { "state_id": 12, "name": "Brandenburg" }, "geometry": { "type": "Polygon", "coordinates": [ [ [ 12.478196, 52.034777 ], [ 12.460488, 52.034248 ], [ 12.446845, 52.015649 ], [ 12.426866, 52.019658 ], [ 12.392804, 52.043731 ], [ 12.377664, 52.044036 ], [ 12.33575, 52.063754 ], [ 12.319241, 52.086557 ], [ 12.292239, 52.102368 ], [ 12.274598, 52.103608 ], [ 12.258498, 52.135384 ], [ 12.2459, 52.136523 ], [ 12.234559, 52.162811 ], [ 12.21716, 52.169431 ], [ 12.225512, 52.184559 ], [ 12.243097, 52.18153 ], [ 12.246035, 52.189566 ], [ 12.244452, 52.208476 ], [ 12.260104, 52.21717 ], [ 12.280369, 52.216782 ], [ 12.293728, 52.23001 ], [ 12.261471, 52.244116 ], [ 12.243863, 52.247148 ], [ 12.269654, 52.305097 ], [ 12.272238, 52.305946 ], [ 12.309734, 52.342984 ], [ 12.282759, 52.362386 ], [ 12.306426, 52.377213 ], [ 12.291358, 52.381101 ], [ 12.302368, 52.397072 ], [ 12.300337, 52.407001 ], [ 12.287663, 52.408144 ], [ 12.272767, 52.415622 ], [ 12.290904, 52.421568 ], [ 12.28887, 52.431497 ], [ 12.30433, 52.434795 ], [ 12.304891, 52.445573 ], [ 12.318046, 52.453409 ], [ 12.313328, 52.460693 ], [ 12.332152, 52.479207 ], [ 12.306577, 52.477906 ], [ 12.312331, 52.490382 ], [ 12.299914, 52.496915 ], [ 12.279057, 52.488325 ], [ 12.261538, 52.494953 ], [ 12.260046, 52.515659 ], [ 12.234997, 52.525121 ], [ 12.228807, 52.50366 ], [ 12.182646, 52.49912 ], [ 12.172714, 52.504696 ], [ 12.168232, 52.517364 ], [ 12.189437, 52.533159 ], [ 12.171887, 52.539773 ], [ 12.156049, 52.529272 ], [ 12.140742, 52.529548 ], [ 12.15477, 52.555366 ], [ 12.181275, 52.574663 ], [ 12.172123, 52.596406 ], [ 12.172655, 52.607185 ], [ 12.173542, 52.625149 ], [ 12.203952, 52.619197 ], [ 12.235176, 52.629406 ], [ 12.237003, 52.665333 ], [ 12.233073, 52.688781 ], [ 12.217892, 52.692659 ], [ 12.22365, 52.705138 ], [ 12.198847, 52.721779 ], [ 12.201815, 52.729815 ], [ 12.222773, 52.738418 ], [ 12.20578, 52.757612 ], [ 12.224689, 52.776141 ], [ 12.222625, 52.786069 ], [ 12.248562, 52.790979 ], [ 12.254528, 52.807049 ], [ 12.231607, 52.861419 ], [ 12.208518, 52.862745 ], [ 12.193907, 52.879194 ], [ 12.183081, 52.868604 ], [ 12.125819, 52.855248 ], [ 12.131486, 52.865935 ], [ 12.119198, 52.877839 ], [ 12.12757, 52.891176 ], [ 12.108738, 52.874427 ], [ 12.080496, 52.875819 ], [ 12.075866, 52.886687 ], [ 12.045, 52.887216 ], [ 12.021975, 52.890303 ], [ 12.006293, 52.885172 ], [ 11.985307, 52.876532 ], [ 11.962284, 52.879607 ], [ 11.926755, 52.890969 ], [ 11.924222, 52.891909 ], [ 11.90103, 52.891379 ], [ 11.870853, 52.908033 ], [ 11.834823, 52.908588 ], [ 11.824904, 52.917728 ], [ 11.849406, 52.948815 ], [ 11.834329, 52.958035 ], [ 11.785485, 52.961466 ], [ 11.755506, 52.985278 ], [ 11.729867, 52.989245 ], [ 11.706202, 52.977897 ], [ 11.688193, 52.97905 ], [ 11.683941, 53.00248 ], [ 11.676446, 53.008876 ], [ 11.635036, 53.00585 ], [ 11.627533, 53.012244 ], [ 11.622642, 53.0195 ], [ 11.643829, 53.033594 ], [ 11.631227, 53.041855 ], [ 11.597433, 53.036016 ], [ 11.576783, 53.036288 ], [ 11.543832, 53.053792 ], [ 11.522857, 53.045071 ], [ 11.504877, 53.047993 ], [ 11.477055, 53.065415 ], [ 11.454259, 53.079174 ], [ 11.417906, 53.074214 ], [ 11.383945, 53.062924 ], [ 11.339783, 53.055335 ], [ 11.327062, 53.061767 ], [ 11.317112, 53.074458 ], [ 11.281364, 53.089224 ], [ 11.266328, 53.10556 ], [ 11.269362, 53.120807 ], [ 11.310583, 53.114973 ], [ 11.318533, 53.121178 ], [ 11.336445, 53.11469 ], [ 11.395781, 53.109524 ], [ 11.39136, 53.132943 ], [ 11.396709, 53.138274 ], [ 11.414734, 53.135368 ], [ 11.422702, 53.141566 ], [ 11.461488, 53.140203 ], [ 11.47141, 53.1275 ], [ 11.489611, 53.129973 ], [ 11.50482, 53.120796 ], [ 11.543905, 53.128392 ], [ 11.568587, 53.166722 ], [ 11.561112, 53.174908 ], [ 11.55198, 53.209181 ], [ 11.567726, 53.21437 ], [ 11.591087, 53.214964 ], [ 11.628393, 53.241432 ], [ 11.649004, 53.237557 ], [ 11.696037, 53.245895 ], [ 11.713729, 53.233961 ], [ 11.729071, 53.228349 ], [ 11.726083, 53.218505 ], [ 11.736451, 53.218356 ], [ 11.741853, 53.223672 ], [ 11.754779, 53.222586 ], [ 11.76011, 53.226104 ], [ 11.775739, 53.227673 ], [ 11.783554, 53.228457 ], [ 11.801666, 53.22729 ], [ 11.832929, 53.230415 ], [ 11.82309, 53.243148 ], [ 11.797529, 53.252519 ], [ 11.815801, 53.254943 ], [ 11.859632, 53.247985 ], [ 11.89729, 53.277962 ], [ 11.917894, 53.274042 ], [ 11.92572, 53.274817 ], [ 11.956864, 53.274317 ], [ 11.978866, 53.300927 ], [ 11.991559, 53.294426 ], [ 12.020416, 53.30024 ], [ 12.021429, 53.321798 ], [ 12.016823, 53.334459 ], [ 12.053894, 53.348219 ], [ 12.044607, 53.371748 ], [ 12.062858, 53.372338 ], [ 12.070531, 53.369511 ], [ 12.080761, 53.36574 ], [ 12.07989, 53.347776 ], [ 12.095313, 53.343915 ], [ 12.134616, 53.349521 ], [ 12.140352, 53.360208 ], [ 12.153309, 53.359079 ], [ 12.170557, 53.339893 ], [ 12.186334, 53.343206 ], [ 12.192083, 53.353889 ], [ 12.215436, 53.352566 ], [ 12.228761, 53.358614 ], [ 12.23312, 53.342353 ], [ 12.258262, 53.325705 ], [ 12.30777, 53.327469 ], [ 12.320422, 53.320934 ], [ 12.330813, 53.320735 ], [ 12.394705, 53.300608 ], [ 12.39126, 53.285393 ], [ 12.411722, 53.279593 ], [ 12.427091, 53.275689 ], [ 12.443879, 53.251077 ], [ 12.483142, 53.256571 ], [ 12.501246, 53.255299 ], [ 12.50431, 53.263327 ], [ 12.530462, 53.266379 ], [ 12.551003, 53.262351 ], [ 12.601906, 53.245083 ], [ 12.628492, 53.255298 ], [ 12.672303, 53.249842 ], [ 12.663357, 53.231157 ], [ 12.691701, 53.227832 ], [ 12.758856, 53.222722 ], [ 12.741823, 53.199731 ], [ 12.764385, 53.187527 ], [ 12.816755, 53.195309 ], [ 12.845775, 53.202722 ], [ 12.855541, 53.1935 ], [ 12.883126, 53.179356 ], [ 12.912751, 53.195731 ], [ 12.930817, 53.194395 ], [ 12.922502, 53.186503 ], [ 12.943214, 53.186 ], [ 12.935996, 53.194269 ], [ 12.946722, 53.199403 ], [ 12.977799, 53.198641 ], [ 12.974529, 53.18883 ], [ 12.942357, 53.173431 ], [ 12.963432, 53.178311 ], [ 12.967869, 53.167411 ], [ 12.985797, 53.164271 ], [ 13.028709, 53.184786 ], [ 13.037044, 53.19267 ], [ 13.050562, 53.200423 ], [ 13.081638, 53.199634 ], [ 13.085319, 53.214829 ], [ 13.098078, 53.211805 ], [ 13.106302, 53.217889 ], [ 13.105199, 53.238602 ], [ 13.181356, 53.250112 ], [ 13.207667, 53.219738 ], [ 13.228258, 53.217391 ], [ 13.242223, 53.230508 ], [ 13.255029, 53.262542 ], [ 13.273386, 53.264745 ], [ 13.295369, 53.280337 ], [ 13.338981, 53.272845 ], [ 13.362815, 53.278481 ], [ 13.391113, 53.241713 ], [ 13.438683, 53.284444 ], [ 13.437308, 53.299775 ], [ 13.452879, 53.299331 ], [ 13.462392, 53.288266 ], [ 13.48077, 53.290437 ], [ 13.499882, 53.301579 ], [ 13.501783, 53.324912 ], [ 13.514105, 53.316459 ], [ 13.524783, 53.319747 ], [ 13.524765, 53.351231 ], [ 13.517044, 53.352355 ], [ 13.523272, 53.364768 ], [ 13.541539, 53.365135 ], [ 13.558026, 53.375446 ], [ 13.553868, 53.388162 ], [ 13.546736, 53.396467 ], [ 13.571115, 53.407445 ], [ 13.610817, 53.414366 ], [ 13.625972, 53.408516 ], [ 13.63775, 53.424356 ], [ 13.627949, 53.431847 ], [ 13.638665, 53.435124 ], [ 13.636902, 53.445072 ], [ 13.649996, 53.445579 ], [ 13.707705, 53.478915 ], [ 13.742284, 53.485951 ], [ 13.780341, 53.473077 ], [ 13.804345, 53.478625 ], [ 13.824431, 53.498687 ], [ 13.809111, 53.502767 ], [ 13.798205, 53.497711 ], [ 13.774995, 53.530822 ], [ 13.778955, 53.545993 ], [ 13.798262, 53.557088 ], [ 13.800792, 53.556109 ], [ 13.797302, 53.546322 ], [ 13.820984, 53.518589 ], [ 13.849427, 53.514992 ], [ 13.879901, 53.505026 ], [ 13.879738, 53.503232 ], [ 13.873059, 53.48725 ], [ 13.885843, 53.484143 ], [ 13.874444, 53.47371 ], [ 13.914808, 53.45802 ], [ 13.919522, 53.452469 ], [ 13.901772, 53.429648 ], [ 13.919412, 53.422781 ], [ 13.941053, 53.431077 ], [ 13.959186, 53.429587 ], [ 14.004009, 53.434415 ], [ 14.042789, 53.430429 ], [ 14.054185, 53.412952 ], [ 14.082881, 53.412889 ], [ 14.119541, 53.441345 ], [ 14.140362, 53.440636 ], [ 14.177734, 53.422257 ], [ 14.198545, 53.421539 ], [ 14.223284, 53.434179 ], [ 14.225974, 53.434985 ], [ 14.243032, 53.42269 ], [ 14.243232, 53.398385 ], [ 14.232862, 53.372649 ], [ 14.203712, 53.341267 ], [ 14.175827, 53.322434 ], [ 14.123671, 53.294526 ], [ 14.09967, 53.261147 ], [ 14.165242, 53.267005 ], [ 14.177592, 53.26028 ], [ 14.198675, 53.263149 ], [ 14.213347, 53.253639 ], [ 14.266056, 53.26079 ], [ 14.259792, 53.27631 ], [ 14.29698, 53.283994 ], [ 14.311294, 53.296985 ], [ 14.318103, 53.312942 ], [ 14.373042, 53.315469 ], [ 14.40852, 53.331283 ], [ 14.418554, 53.276914 ], [ 14.446974, 53.274972 ], [ 14.451044, 53.264021 ], [ 14.42218, 53.236278 ], [ 14.401027, 53.207349 ], [ 14.377097, 53.201919 ], [ 14.36688, 53.177988 ], [ 14.386601, 53.142171 ], [ 14.380159, 53.129805 ], [ 14.367243, 53.078972 ], [ 14.346208, 53.050032 ], [ 14.242413, 52.994337 ], [ 14.202996, 52.987622 ], [ 14.162044, 52.964749 ], [ 14.14377, 52.962681 ], [ 14.14111, 52.961873 ], [ 14.155355, 52.894788 ], [ 14.162293, 52.886449 ], [ 14.147312, 52.86447 ], [ 14.122417, 52.84643 ], [ 14.128675, 52.830917 ], [ 14.163745, 52.820705 ], [ 14.212574, 52.819898 ], [ 14.260729, 52.785797 ], [ 14.284955, 52.770533 ], [ 14.327537, 52.759101 ], [ 14.381376, 52.731941 ], [ 14.409205, 52.702117 ], [ 14.424191, 52.697963 ], [ 14.432609, 52.679649 ], [ 14.455528, 52.677897 ], [ 14.461647, 52.662367 ], [ 14.495957, 52.646678 ], [ 14.599867, 52.610314 ], [ 14.610465, 52.5892 ], [ 14.641833, 52.570879 ], [ 14.614638, 52.555731 ], [ 14.606163, 52.523651 ], [ 14.61221, 52.508113 ], [ 14.636733, 52.498159 ], [ 14.610726, 52.469461 ], [ 14.582305, 52.441752 ], [ 14.556507, 52.439143 ], [ 14.542411, 52.426179 ], [ 14.545651, 52.408052 ], [ 14.534017, 52.394093 ], [ 14.552678, 52.377176 ], [ 14.560481, 52.329167 ], [ 14.577588, 52.322207 ], [ 14.586063, 52.305676 ], [ 14.571818, 52.290922 ], [ 14.602996, 52.272612 ], [ 14.690229, 52.255688 ], [ 14.716083, 52.235756 ], [ 14.703117, 52.209262 ], [ 14.683808, 52.194723 ], [ 14.706251, 52.166823 ], [ 14.67816, 52.140929 ], [ 14.68039, 52.113831 ], [ 14.698884, 52.096892 ], [ 14.743345, 52.086112 ], [ 14.758996, 52.066575 ], [ 14.744964, 52.053635 ], [ 14.750337, 52.032711 ], [ 14.71167, 52.001849 ], [ 14.723408, 51.993276 ], [ 14.703813, 51.975153 ], [ 14.721866, 51.954623 ], [ 14.720547, 51.942071 ], [ 14.701726, 51.93112 ], [ 14.694451, 51.909802 ], [ 14.69091, 51.90004 ], [ 14.662069, 51.889481 ], [ 14.644594, 51.866764 ], [ 14.623591, 51.858589 ], [ 14.607982, 51.853799 ], [ 14.612266, 51.846429 ], [ 14.602413, 51.848616 ], [ 14.603914, 51.838654 ], [ 14.591279, 51.838248 ], [ 14.589636, 51.822107 ], [ 14.60062, 51.806373 ], [ 14.64482, 51.795631 ], [ 14.657083, 51.768136 ], [ 14.649107, 51.763951 ], [ 14.66599, 51.756979 ], [ 14.656907, 51.742034 ], [ 14.688605, 51.70836 ], [ 14.750439, 51.675258 ], [ 14.755961, 51.656126 ], [ 14.752953, 51.627435 ], [ 14.764778, 51.620652 ], [ 14.765674, 51.605309 ], [ 14.728121, 51.58162 ], [ 14.712055, 51.595774 ], [ 14.697084, 51.596376 ], [ 14.707423, 51.575252 ], [ 14.69486, 51.574856 ], [ 14.690793, 51.559713 ], [ 14.674912, 51.551345 ], [ 14.612317, 51.551129 ], [ 14.599354, 51.571447 ], [ 14.567741, 51.580787 ], [ 14.546887, 51.572597 ], [ 14.548395, 51.562635 ], [ 14.517579, 51.554827 ], [ 14.455333, 51.558114 ], [ 14.448767, 51.54216 ], [ 14.388593, 51.540833 ], [ 14.387902, 51.533657 ], [ 14.34167, 51.520981 ], [ 14.343221, 51.511021 ], [ 14.330168, 51.505205 ], [ 14.323972, 51.518936 ], [ 14.277724, 51.532339 ], [ 14.244736, 51.52724 ], [ 14.218401, 51.539894 ], [ 14.163554, 51.541859 ], [ 14.14136, 51.545347 ], [ 14.133309, 51.539332 ], [ 14.127673, 51.532331 ], [ 14.139402, 51.523816 ], [ 14.104187, 51.521457 ], [ 14.097105, 51.498306 ], [ 14.074125, 51.492809 ], [ 14.090191, 51.476948 ], [ 14.072202, 51.471276 ], [ 14.050354, 51.478336 ], [ 14.035097, 51.475264 ], [ 14.062577, 51.447311 ], [ 14.036744, 51.437408 ], [ 14.046217, 51.43168 ], [ 14.038517, 51.429246 ], [ 14.042539, 51.418307 ], [ 14.034842, 51.415874 ], [ 14.016254, 51.403015 ], [ 14.023317, 51.398272 ], [ 14.003118, 51.395367 ], [ 14.010338, 51.392419 ], [ 13.997206, 51.38477 ], [ 14.001077, 51.372038 ], [ 13.969015, 51.375834 ], [ 13.972824, 51.391003 ], [ 13.963349, 51.396725 ], [ 13.884235, 51.375088 ], [ 13.837554, 51.382933 ], [ 13.834542, 51.376733 ], [ 13.819035, 51.370043 ], [ 13.784253, 51.371177 ], [ 13.763197, 51.357461 ], [ 13.766788, 51.370842 ], [ 13.746324, 51.364303 ], [ 13.736095, 51.361032 ], [ 13.69225, 51.373226 ], [ 13.639427, 51.366788 ], [ 13.619835, 51.370997 ], [ 13.604644, 51.367869 ], [ 13.592291, 51.36915 ], [ 13.591003, 51.384485 ], [ 13.566148, 51.385247 ], [ 13.542736, 51.372465 ], [ 13.538043, 51.376206 ], [ 13.523547, 51.382043 ], [ 13.520233, 51.403736 ], [ 13.463379, 51.409936 ], [ 13.464467, 51.424298 ], [ 13.454244, 51.421003 ], [ 13.44497, 51.430273 ], [ 13.421971, 51.422853 ], [ 13.427485, 51.429888 ], [ 13.403673, 51.444979 ], [ 13.406764, 51.452986 ], [ 13.373141, 51.436869 ], [ 13.384853, 51.426634 ], [ 13.337775, 51.430688 ], [ 13.330899, 51.438981 ], [ 13.31826, 51.436642 ], [ 13.32743, 51.425585 ], [ 13.286588, 51.412349 ], [ 13.285685, 51.39978 ], [ 13.258266, 51.399649 ], [ 13.26961, 51.384039 ], [ 13.242964, 51.394678 ], [ 13.215675, 51.396332 ], [ 13.201886, 51.412904 ], [ 13.200844, 51.433622 ], [ 13.190889, 51.433894 ], [ 13.187712, 51.424086 ], [ 13.173281, 51.431676 ], [ 13.193817, 51.440111 ], [ 13.205032, 51.457795 ], [ 13.181133, 51.472841 ], [ 13.182385, 51.490797 ], [ 13.19721, 51.488594 ], [ 13.208313, 51.504481 ], [ 13.209576, 51.522438 ], [ 13.188328, 51.54011 ], [ 13.189208, 51.552679 ], [ 13.162197, 51.559709 ], [ 13.140294, 51.568394 ], [ 13.156391, 51.584152 ], [ 13.154953, 51.599482 ], [ 13.144838, 51.597955 ], [ 13.116342, 51.620305 ], [ 13.110729, 51.611459 ], [ 13.096105, 51.617243 ], [ 13.105732, 51.611591 ], [ 13.095371, 51.606469 ], [ 13.083306, 51.613083 ], [ 13.050495, 51.646322 ], [ 13.161198, 51.689264 ], [ 13.155127, 51.710116 ], [ 13.172717, 51.710541 ], [ 13.163203, 51.717994 ], [ 13.188119, 51.715521 ], [ 13.179363, 51.733748 ], [ 13.154937, 51.743402 ], [ 13.160826, 51.755836 ], [ 13.151051, 51.759697 ], [ 13.157694, 51.782905 ], [ 13.170422, 51.785261 ], [ 13.122282, 51.85221 ], [ 13.150476, 51.859554 ], [ 13.151355, 51.872123 ], [ 13.131876, 51.881637 ], [ 13.086018, 51.873853 ], [ 13.080624, 51.868598 ], [ 13.037967, 51.870606 ], [ 13.031093, 51.880676 ], [ 13.036846, 51.891321 ], [ 13.049477, 51.891894 ], [ 13.044934, 51.899207 ], [ 12.974526, 51.901006 ], [ 12.978288, 51.919798 ], [ 12.958398, 51.923896 ], [ 12.961564, 51.93371 ], [ 12.91919, 51.941062 ], [ 12.916149, 51.933043 ], [ 12.893096, 51.927316 ], [ 12.885951, 51.933786 ], [ 12.853177, 51.933685 ], [ 12.845156, 51.966254 ], [ 12.819633, 51.961471 ], [ 12.774525, 51.966138 ], [ 12.777654, 51.975956 ], [ 12.767799, 51.979785 ], [ 12.7305, 51.988747 ], [ 12.698551, 52.002971 ], [ 12.680853, 52.002475 ], [ 12.658858, 52.014663 ], [ 12.64588, 52.00866 ], [ 12.64246, 51.993449 ], [ 12.612008, 51.99053 ], [ 12.61663, 51.983234 ], [ 12.601304, 51.979976 ], [ 12.541037, 51.984886 ], [ 12.53691, 52.00116 ], [ 12.496977, 52.009205 ], [ 12.479974, 52.021252 ], [ 12.478196, 52.034777 ] ], [ [ 13.58815, 52.548743 ], [ 13.584509, 52.566844 ], [ 13.560297, 52.583762 ], [ 13.525278, 52.593797 ], [ 13.50719, 52.591631 ], [ 13.495493, 52.605468 ], [ 13.501173, 52.612498 ], [ 13.524198, 52.644205 ], [ 13.489122, 52.65423 ], [ 13.477973, 52.675244 ], [ 13.451544, 52.665216 ], [ 13.471011, 52.652059 ], [ 13.440048, 52.649356 ], [ 13.433952, 52.636938 ], [ 13.399002, 52.648731 ], [ 13.376892, 52.62777 ], [ 13.345952, 52.625043 ], [ 13.310446, 52.62963 ], [ 13.311393, 52.642197 ], [ 13.307361, 52.656699 ], [ 13.281923, 52.6592 ], [ 13.283339, 52.64387 ], [ 13.26262, 52.64084 ], [ 13.266798, 52.628134 ], [ 13.23613, 52.628968 ], [ 13.218174, 52.628554 ], [ 13.20127, 52.607422 ], [ 13.220392, 52.58892 ], [ 13.20481, 52.585741 ], [ 13.162241, 52.598569 ], [ 13.128208, 52.587774 ], [ 13.135293, 52.579493 ], [ 13.153357, 52.581715 ], [ 13.155202, 52.571773 ], [ 13.146198, 52.553124 ], [ 13.128274, 52.552696 ], [ 13.125149, 52.544683 ], [ 13.115656, 52.51885 ], [ 13.146378, 52.519842 ], [ 13.163646, 52.51129 ], [ 13.15268, 52.500788 ], [ 13.115101, 52.474795 ], [ 13.108365, 52.451587 ], [ 13.120143, 52.437788 ], [ 13.087725, 52.411652 ], [ 13.10063, 52.414015 ], [ 13.110048, 52.402976 ], [ 13.155179, 52.392793 ], [ 13.170818, 52.397774 ], [ 13.158169, 52.39901 ], [ 13.163767, 52.406056 ], [ 13.223496, 52.421542 ], [ 13.246324, 52.420022 ], [ 13.247748, 52.404693 ], [ 13.270567, 52.403168 ], [ 13.294319, 52.414205 ], [ 13.31359, 52.399279 ], [ 13.342437, 52.410165 ], [ 13.371858, 52.394942 ], [ 13.371312, 52.387762 ], [ 13.386699, 52.389123 ], [ 13.388486, 52.379178 ], [ 13.418702, 52.374714 ], [ 13.427366, 52.387958 ], [ 13.418862, 52.409792 ], [ 13.457915, 52.420357 ], [ 13.470562, 52.419089 ], [ 13.479042, 52.397252 ], [ 13.538009, 52.401809 ], [ 13.534392, 52.388423 ], [ 13.562276, 52.386691 ], [ 13.593499, 52.394748 ], [ 13.60482, 52.377312 ], [ 13.607142, 52.374543 ], [ 13.628201, 52.382898 ], [ 13.644881, 52.368893 ], [ 13.635273, 52.344897 ], [ 13.650063, 52.339045 ], [ 13.675511, 52.369749 ], [ 13.687988, 52.366664 ], [ 13.699047, 52.377116 ], [ 13.687016, 52.385587 ], [ 13.737188, 52.406513 ], [ 13.728077, 52.419394 ], [ 13.744094, 52.427888 ], [ 13.745157, 52.44045 ], [ 13.755334, 52.44013 ], [ 13.753475, 52.448286 ], [ 13.733118, 52.448926 ], [ 13.721075, 52.4574 ], [ 13.703935, 52.466032 ], [ 13.705352, 52.452493 ], [ 13.696073, 52.463577 ], [ 13.66627, 52.473495 ], [ 13.641252, 52.479661 ], [ 13.625089, 52.469358 ], [ 13.609813, 52.469822 ], [ 13.628332, 52.508843 ], [ 13.657776, 52.525036 ], [ 13.655599, 52.529601 ], [ 13.630105, 52.53038 ], [ 13.636092, 52.540993 ], [ 13.610884, 52.545358 ], [ 13.58815, 52.548743 ] ] ] } },
{ "type": "Feature", "properties": { "state_id": 13, "name": "Mecklenburg-Vorpommern" }, "geometry": { "type": "MultiPolygon", "coordinates": [ [ [ [ 11.085556, 53.219661 ], [ 11.059983, 53.234267 ], [ 11.029935, 53.279461 ], [ 11.006716, 53.285947 ], [ 11.009671, 53.301201 ], [ 10.984271, 53.326573 ], [ 10.987056, 53.334639 ], [ 10.948042, 53.334051 ], [ 10.927556, 53.348589 ], [ 10.919735, 53.34775 ], [ 10.903868, 53.335287 ], [ 10.880453, 53.334561 ], [ 10.885393, 53.321944 ], [ 10.867292, 53.326568 ], [ 10.869691, 53.316665 ], [ 10.851484, 53.315896 ], [ 10.851341, 53.308708 ], [ 10.835683, 53.305222 ], [ 10.825464, 53.314279 ], [ 10.802062, 53.313537 ], [ 10.768588, 53.330829 ], [ 10.760742, 53.328182 ], [ 10.755765, 53.340795 ], [ 10.73758, 53.341805 ], [ 10.727484, 53.35984 ], [ 10.699061, 53.371689 ], [ 10.652172, 53.368356 ], [ 10.649584, 53.369268 ], [ 10.626207, 53.372087 ], [ 10.597473, 53.364144 ], [ 10.59227, 53.36417 ], [ 10.597648, 53.376724 ], [ 10.615954, 53.382923 ], [ 10.618984, 53.412563 ], [ 10.616444, 53.417069 ], [ 10.627258, 53.443973 ], [ 10.63525, 53.455614 ], [ 10.679612, 53.45807 ], [ 10.692604, 53.455301 ], [ 10.703416, 53.478603 ], [ 10.72163, 53.475801 ], [ 10.758304, 53.484564 ], [ 10.784787, 53.505963 ], [ 10.78482, 53.507761 ], [ 10.805871, 53.516609 ], [ 10.824094, 53.513791 ], [ 10.813755, 53.519253 ], [ 10.816657, 53.534511 ], [ 10.832538, 53.545187 ], [ 10.822678, 53.575808 ], [ 10.843592, 53.575665 ], [ 10.851202, 53.56393 ], [ 10.908892, 53.5725 ], [ 10.92481, 53.583164 ], [ 10.917295, 53.598498 ], [ 10.925669, 53.622699 ], [ 10.931021, 53.62805 ], [ 10.952403, 53.647656 ], [ 10.955244, 53.657519 ], [ 10.942167, 53.658519 ], [ 10.939727, 53.666626 ], [ 10.945246, 53.679165 ], [ 10.927196, 53.692783 ], [ 10.919468, 53.699132 ], [ 10.916827, 53.698254 ], [ 10.903852, 53.704641 ], [ 10.869707, 53.702193 ], [ 10.843594, 53.707768 ], [ 10.827894, 53.709673 ], [ 10.804615, 53.726903 ], [ 10.804819, 53.737686 ], [ 10.797031, 53.74223 ], [ 10.789174, 53.743179 ], [ 10.760383, 53.747855 ], [ 10.766218, 53.78017 ], [ 10.771636, 53.789123 ], [ 10.766576, 53.799938 ], [ 10.761514, 53.810754 ], [ 10.764321, 53.820621 ], [ 10.746121, 53.832416 ], [ 10.749118, 53.853066 ], [ 10.770563, 53.874501 ], [ 10.804909, 53.880571 ], [ 10.820953, 53.893045 ], [ 10.847365, 53.89646 ], [ 10.882229, 53.92587 ], [ 10.910972, 53.913977 ], [ 10.900316, 53.908664 ], [ 10.908008, 53.898722 ], [ 10.93439, 53.900321 ], [ 10.958365, 53.911819 ], [ 10.968822, 53.908142 ], [ 10.961061, 53.914494 ], [ 10.91386, 53.925638 ], [ 10.895351, 53.923079 ], [ 10.892925, 53.932982 ], [ 10.909054, 53.947242 ], [ 10.901354, 53.957184 ], [ 10.938485, 53.965893 ], [ 10.973221, 53.984494 ], [ 11.039811, 54.008213 ], [ 11.095484, 54.015817 ], [ 11.121803, 54.011985 ], [ 11.1455, 54.00907 ], [ 11.185294, 54.014984 ], [ 11.205651, 53.987824 ], [ 11.223946, 53.981352 ], [ 11.255779, 53.986423 ], [ 11.260842, 53.979181 ], [ 11.244741, 53.970359 ], [ 11.241652, 53.955112 ], [ 11.243891, 53.941608 ], [ 11.269988, 53.932354 ], [ 11.283087, 53.929521 ], [ 11.312447, 53.940894 ], [ 11.326225, 53.959619 ], [ 11.339385, 53.958578 ], [ 11.354634, 53.940435 ], [ 11.367613, 53.934 ], [ 11.386273, 53.940082 ], [ 11.407246, 53.936248 ], [ 11.401555, 53.923731 ], [ 11.437962, 53.908929 ], [ 11.432448, 53.901804 ], [ 11.458666, 53.897899 ], [ 11.464121, 53.903227 ], [ 11.445712, 53.904344 ], [ 11.445958, 53.911531 ], [ 11.48081, 53.928192 ], [ 11.481189, 53.938973 ], [ 11.484174, 53.948823 ], [ 11.482201, 53.967721 ], [ 11.46364, 53.965247 ], [ 11.492882, 53.971187 ], [ 11.501343, 53.986362 ], [ 11.488432, 53.994609 ], [ 11.507524, 54.011452 ], [ 11.534328, 54.021906 ], [ 11.515933, 54.02483 ], [ 11.526893, 54.03548 ], [ 11.539677, 54.023637 ], [ 11.560944, 54.026963 ], [ 11.58818, 54.048185 ], [ 11.580825, 54.06356 ], [ 11.615442, 54.069401 ], [ 11.626718, 54.087229 ], [ 11.600879, 54.103746 ], [ 11.666045, 54.144226 ], [ 11.682374, 54.15479 ], [ 11.695587, 54.15371 ], [ 11.759334, 54.156412 ], [ 11.782916, 54.149781 ], [ 11.811866, 54.144864 ], [ 11.859631, 54.14595 ], [ 11.926481, 54.158406 ], [ 11.98807, 54.170911 ], [ 11.998845, 54.174332 ], [ 12.009708, 54.179549 ], [ 12.070641, 54.177642 ], [ 12.086996, 54.186355 ], [ 12.107755, 54.177013 ], [ 12.118541, 54.180424 ], [ 12.145884, 54.196132 ], [ 12.185366, 54.240386 ], [ 12.201486, 54.243696 ], [ 12.288322, 54.276278 ], [ 12.337259, 54.29514 ], [ 12.360054, 54.321677 ], [ 12.39133, 54.356139 ], [ 12.408658, 54.379178 ], [ 12.447114, 54.398203 ], [ 12.508238, 54.482392 ], [ 12.529599, 54.481959 ], [ 12.526325, 54.472135 ], [ 12.554634, 54.454472 ], [ 12.636832, 54.444658 ], [ 12.866215, 54.439565 ], [ 12.928125, 54.44621 ], [ 12.914092, 54.436649 ], [ 12.932186, 54.428129 ], [ 12.875011, 54.412384 ], [ 12.85964, 54.421732 ], [ 12.822318, 54.422588 ], [ 12.800019, 54.408707 ], [ 12.789964, 54.417926 ], [ 12.760223, 54.412298 ], [ 12.693996, 54.420051 ], [ 12.68026, 54.414055 ], [ 12.686523, 54.428305 ], [ 12.667453, 54.422424 ], [ 12.66392, 54.409012 ], [ 12.709404, 54.410723 ], [ 12.714264, 54.403423 ], [ 12.684543, 54.397777 ], [ 12.694501, 54.386771 ], [ 12.70053, 54.39743 ], [ 12.716517, 54.39708 ], [ 12.720077, 54.370027 ], [ 12.738775, 54.370513 ], [ 12.744813, 54.38117 ], [ 12.752267, 54.372911 ], [ 12.768244, 54.372555 ], [ 12.780339, 54.393864 ], [ 12.790029, 54.379259 ], [ 12.810238, 54.362616 ], [ 12.806665, 54.349209 ], [ 12.825477, 54.351479 ], [ 12.846767, 54.35099 ], [ 12.879699, 54.364615 ], [ 12.89793, 54.396562 ], [ 12.925839, 54.413891 ], [ 12.952746, 54.416849 ], [ 12.96132, 54.424738 ], [ 12.987979, 54.424098 ], [ 13.01048, 54.43974 ], [ 13.031551, 54.435629 ], [ 13.035961, 54.422931 ], [ 13.022174, 54.416973 ], [ 13.021257, 54.404405 ], [ 13.031127, 54.393372 ], [ 13.051379, 54.378486 ], [ 13.070217, 54.380717 ], [ 13.095639, 54.363896 ], [ 13.078869, 54.353523 ], [ 13.0943, 54.345943 ], [ 13.107536, 54.344712 ], [ 13.113968, 54.323865 ], [ 13.132379, 54.320702 ], [ 13.114776, 54.334637 ], [ 13.124715, 54.360467 ], [ 13.136447, 54.37456 ], [ 13.173445, 54.370019 ], [ 13.197888, 54.375685 ], [ 13.21849, 54.366157 ], [ 13.240064, 54.369191 ], [ 13.235301, 54.376511 ], [ 13.259474, 54.378574 ], [ 13.262207, 54.379402 ], [ 13.254853, 54.38769 ], [ 13.236001, 54.385486 ], [ 13.23481, 54.404405 ], [ 13.212712, 54.429264 ], [ 13.155839, 54.419034 ], [ 13.148321, 54.425521 ], [ 13.168974, 54.451076 ], [ 13.203717, 54.451082 ], [ 13.204274, 54.458263 ], [ 13.239445, 54.463644 ], [ 13.231792, 54.468341 ], [ 13.27274, 54.478959 ], [ 13.256726, 54.479381 ], [ 13.254694, 54.487529 ], [ 13.227718, 54.484636 ], [ 13.226736, 54.47207 ], [ 13.215782, 54.468757 ], [ 13.223437, 54.464062 ], [ 13.207847, 54.469862 ], [ 13.198938, 54.458401 ], [ 13.194296, 54.467514 ], [ 13.163502, 54.449417 ], [ 13.130816, 54.441254 ], [ 13.12042, 54.445114 ], [ 13.164064, 54.491673 ], [ 13.191039, 54.494579 ], [ 13.201024, 54.485328 ], [ 13.225259, 54.487398 ], [ 13.234603, 54.504244 ], [ 13.227223, 54.512531 ], [ 13.199815, 54.504247 ], [ 13.154481, 54.506307 ], [ 13.15503, 54.513488 ], [ 13.165578, 54.511421 ], [ 13.162024, 54.534895 ], [ 13.141463, 54.546209 ], [ 13.211389, 54.549816 ], [ 13.241293, 54.555335 ], [ 13.291163, 54.542331 ], [ 13.286844, 54.521758 ], [ 13.302155, 54.512358 ], [ 13.313704, 54.522843 ], [ 13.303305, 54.526718 ], [ 13.309658, 54.539141 ], [ 13.297371, 54.552959 ], [ 13.350578, 54.581217 ], [ 13.368938, 54.576223 ], [ 13.342458, 54.547256 ], [ 13.372965, 54.559923 ], [ 13.390131, 54.540567 ], [ 13.415222, 54.52009 ], [ 13.405949, 54.505054 ], [ 13.418185, 54.491225 ], [ 13.420781, 54.490254 ], [ 13.433904, 54.487192 ], [ 13.44458, 54.486896 ], [ 13.451463, 54.473212 ], [ 13.481797, 54.484058 ], [ 13.497506, 54.480017 ], [ 13.46901, 54.45923 ], [ 13.473741, 54.451901 ], [ 13.492637, 54.454068 ], [ 13.503, 54.450178 ], [ 13.491727, 54.4433 ], [ 13.51321, 54.444491 ], [ 13.501632, 54.434025 ], [ 13.474975, 54.434775 ], [ 13.474372, 54.427596 ], [ 13.53757, 54.416811 ], [ 13.543821, 54.427427 ], [ 13.520063, 54.430803 ], [ 13.547024, 54.433632 ], [ 13.55815, 54.438711 ], [ 13.553435, 54.446042 ], [ 13.524181, 54.447778 ], [ 13.549335, 54.460553 ], [ 13.547977, 54.475884 ], [ 13.526937, 54.480083 ], [ 13.500251, 54.480839 ], [ 13.513369, 54.509254 ], [ 13.510318, 54.536326 ], [ 13.50589, 54.547246 ], [ 13.484809, 54.551438 ], [ 13.512919, 54.566837 ], [ 13.491221, 54.563851 ], [ 13.479614, 54.553383 ], [ 13.444634, 54.551659 ], [ 13.429939, 54.568257 ], [ 13.40884, 54.572436 ], [ 13.392791, 54.572876 ], [ 13.366671, 54.614063 ], [ 13.327587, 54.595327 ], [ 13.331922, 54.582618 ], [ 13.307337, 54.576979 ], [ 13.276838, 54.564296 ], [ 13.241716, 54.560721 ], [ 13.254683, 54.589163 ], [ 13.289666, 54.624219 ], [ 13.285744, 54.642311 ], [ 13.275312, 54.646184 ], [ 13.247805, 54.637911 ], [ 13.225102, 54.622313 ], [ 13.217559, 54.628804 ], [ 13.218543, 54.64137 ], [ 13.238361, 54.654347 ], [ 13.299058, 54.674339 ], [ 13.366756, 54.680622 ], [ 13.423598, 54.685368 ], [ 13.436482, 54.678716 ], [ 13.426713, 54.658297 ], [ 13.391349, 54.652969 ], [ 13.379742, 54.642491 ], [ 13.378266, 54.624542 ], [ 13.384749, 54.605476 ], [ 13.419986, 54.577527 ], [ 13.464932, 54.569985 ], [ 13.473486, 54.576042 ], [ 13.489231, 54.572003 ], [ 13.546091, 54.578489 ], [ 13.595022, 54.586078 ], [ 13.640264, 54.582062 ], [ 13.673997, 54.569373 ], [ 13.681645, 54.534961 ], [ 13.661268, 54.516671 ], [ 13.606125, 54.498495 ], [ 13.572069, 54.476092 ], [ 13.569743, 54.449172 ], [ 13.611076, 54.402095 ], [ 13.642721, 54.397569 ], [ 13.672572, 54.402984 ], [ 13.677421, 54.397442 ], [ 13.702767, 54.382292 ], [ 13.711808, 54.364028 ], [ 13.726805, 54.352781 ], [ 13.760328, 54.34007 ], [ 13.729705, 54.325704 ], [ 13.731637, 54.317549 ], [ 13.714887, 54.309057 ], [ 13.713283, 54.291113 ], [ 13.722462, 54.274643 ], [ 13.708626, 54.268762 ], [ 13.698805, 54.278053 ], [ 13.709906, 54.283117 ], [ 13.705235, 54.290455 ], [ 13.670783, 54.292384 ], [ 13.656949, 54.286497 ], [ 13.647112, 54.295784 ], [ 13.702161, 54.315737 ], [ 13.705699, 54.325527 ], [ 13.674115, 54.330069 ], [ 13.638529, 54.319427 ], [ 13.625316, 54.320715 ], [ 13.674592, 54.335452 ], [ 13.686185, 54.345902 ], [ 13.683923, 54.350468 ], [ 13.651844, 54.34962 ], [ 13.618202, 54.330819 ], [ 13.593322, 54.351335 ], [ 13.57204, 54.351952 ], [ 13.557737, 54.34067 ], [ 13.507279, 54.343012 ], [ 13.463522, 54.329853 ], [ 13.459592, 54.314672 ], [ 13.415881, 54.301496 ], [ 13.388964, 54.26536 ], [ 13.387405, 54.278894 ], [ 13.370742, 54.270356 ], [ 13.349499, 54.270934 ], [ 13.358382, 54.249106 ], [ 13.369288, 54.252406 ], [ 13.362123, 54.262496 ], [ 13.380051, 54.253911 ], [ 13.391546, 54.264389 ], [ 13.407476, 54.26395 ], [ 13.426793, 54.240029 ], [ 13.396069, 54.22199 ], [ 13.383463, 54.230431 ], [ 13.320222, 54.237547 ], [ 13.315487, 54.244869 ], [ 13.329689, 54.25618 ], [ 13.322513, 54.266267 ], [ 13.339165, 54.274812 ], [ 13.334285, 54.28034 ], [ 13.314762, 54.269173 ], [ 13.316345, 54.255639 ], [ 13.290083, 54.25994 ], [ 13.260387, 54.254432 ], [ 13.229646, 54.269631 ], [ 13.197778, 54.270461 ], [ 13.204473, 54.288275 ], [ 13.194535, 54.297526 ], [ 13.180355, 54.2862 ], [ 13.164688, 54.2902 ], [ 13.140165, 54.282732 ], [ 13.143975, 54.297924 ], [ 13.163056, 54.303732 ], [ 13.183905, 54.2978 ], [ 13.168782, 54.308981 ], [ 13.137426, 54.316976 ], [ 13.136899, 54.274721 ], [ 13.155015, 54.267963 ], [ 13.16632, 54.276668 ], [ 13.17912, 54.270043 ], [ 13.160326, 54.267828 ], [ 13.140585, 54.253043 ], [ 13.162231, 54.257886 ], [ 13.1655, 54.265896 ], [ 13.186743, 54.26535 ], [ 13.217496, 54.250162 ], [ 13.211634, 54.243119 ], [ 13.221972, 54.239252 ], [ 13.277767, 54.238682 ], [ 13.302167, 54.211048 ], [ 13.319228, 54.191702 ], [ 13.334413, 54.182298 ], [ 13.350312, 54.181867 ], [ 13.339282, 54.176769 ], [ 13.330259, 54.163522 ], [ 13.346151, 54.163091 ], [ 13.373797, 54.176729 ], [ 13.399853, 54.170615 ], [ 13.40073, 54.181385 ], [ 13.42362, 54.169058 ], [ 13.410009, 54.164938 ], [ 13.382359, 54.151309 ], [ 13.384352, 54.143159 ], [ 13.408836, 54.150579 ], [ 13.429134, 54.139221 ], [ 13.438245, 54.120977 ], [ 13.462028, 54.087929 ], [ 13.498739, 54.083291 ], [ 13.501908, 54.089498 ], [ 13.494351, 54.09421 ], [ 13.474838, 54.114552 ], [ 13.480727, 54.121582 ], [ 13.550429, 54.130385 ], [ 13.579767, 54.132234 ], [ 13.620005, 54.137354 ], [ 13.648037, 54.154519 ], [ 13.677872, 54.161728 ], [ 13.680599, 54.162546 ], [ 13.697441, 54.172837 ], [ 13.713013, 54.16877 ], [ 13.709488, 54.15898 ], [ 13.69601, 54.156686 ], [ 13.697943, 54.148532 ], [ 13.731313, 54.135829 ], [ 13.750078, 54.137958 ], [ 13.762583, 54.129479 ], [ 13.753759, 54.119853 ], [ 13.774921, 54.119205 ], [ 13.782126, 54.110887 ], [ 13.805356, 54.103873 ], [ 13.80999, 54.096532 ], [ 13.796202, 54.09066 ], [ 13.792826, 54.082667 ], [ 13.791201, 54.064724 ], [ 13.772143, 54.059013 ], [ 13.784459, 54.048738 ], [ 13.743324, 54.032904 ], [ 13.750521, 54.024588 ], [ 13.75868, 54.027037 ], [ 13.765229, 54.011543 ], [ 13.797985, 53.99344 ], [ 13.819082, 53.992785 ], [ 13.836312, 53.978752 ], [ 13.853366, 53.962922 ], [ 13.854767, 53.949383 ], [ 13.878725, 53.951326 ], [ 13.883496, 53.945777 ], [ 13.915483, 53.920466 ], [ 13.903955, 53.910037 ], [ 13.863406, 53.899626 ], [ 13.848364, 53.879407 ], [ 13.826998, 53.876478 ], [ 13.820275, 53.860493 ], [ 13.81724, 53.856089 ], [ 13.819137, 53.847933 ], [ 13.821684, 53.846954 ], [ 13.850674, 53.846945 ], [ 13.8909, 53.825878 ], [ 13.96631, 53.815357 ], [ 13.984436, 53.812068 ], [ 14.031696, 53.810519 ], [ 14.136704, 53.807011 ], [ 14.191916, 53.806029 ], [ 14.214913, 53.798939 ], [ 14.274454, 53.788771 ], [ 14.283313, 53.772262 ], [ 14.268842, 53.759269 ], [ 14.266851, 53.713441 ], [ 14.269018, 53.708865 ], [ 14.284538, 53.680422 ], [ 14.269919, 53.665635 ], [ 14.287053, 53.653334 ], [ 14.29227, 53.627051 ], [ 14.317495, 53.61716 ], [ 14.310608, 53.575105 ], [ 14.314738, 53.564158 ], [ 14.303211, 53.553767 ], [ 14.315595, 53.520929 ], [ 14.324387, 53.504416 ], [ 14.352413, 53.497115 ], [ 14.351133, 53.484561 ], [ 14.354148, 53.462853 ], [ 14.371729, 53.45592 ], [ 14.369529, 53.434399 ], [ 14.374124, 53.402733 ], [ 14.395221, 53.379469 ], [ 14.389958, 53.353558 ], [ 14.40749, 53.346621 ], [ 14.40852, 53.331283 ], [ 14.373042, 53.315469 ], [ 14.318103, 53.312942 ], [ 14.311294, 53.296985 ], [ 14.29698, 53.283994 ], [ 14.259792, 53.27631 ], [ 14.266056, 53.26079 ], [ 14.213347, 53.253639 ], [ 14.198675, 53.263149 ], [ 14.177592, 53.26028 ], [ 14.165242, 53.267005 ], [ 14.09967, 53.261147 ], [ 14.123671, 53.294526 ], [ 14.175827, 53.322434 ], [ 14.203712, 53.341267 ], [ 14.232862, 53.372649 ], [ 14.243232, 53.398385 ], [ 14.243032, 53.42269 ], [ 14.225974, 53.434985 ], [ 14.223284, 53.434179 ], [ 14.198545, 53.421539 ], [ 14.177734, 53.422257 ], [ 14.140362, 53.440636 ], [ 14.119541, 53.441345 ], [ 14.082881, 53.412889 ], [ 14.054185, 53.412952 ], [ 14.042789, 53.430429 ], [ 14.004009, 53.434415 ], [ 13.959186, 53.429587 ], [ 13.941053, 53.431077 ], [ 13.919412, 53.422781 ], [ 13.901772, 53.429648 ], [ 13.919522, 53.452469 ], [ 13.914808, 53.45802 ], [ 13.874444, 53.47371 ], [ 13.885843, 53.484143 ], [ 13.873059, 53.48725 ], [ 13.879738, 53.503232 ], [ 13.879901, 53.505026 ], [ 13.849427, 53.514992 ], [ 13.820984, 53.518589 ], [ 13.797302, 53.546322 ], [ 13.800792, 53.556109 ], [ 13.798262, 53.557088 ], [ 13.778955, 53.545993 ], [ 13.774995, 53.530822 ], [ 13.798205, 53.497711 ], [ 13.809111, 53.502767 ], [ 13.824431, 53.498687 ], [ 13.804345, 53.478625 ], [ 13.780341, 53.473077 ], [ 13.742284, 53.485951 ], [ 13.707705, 53.478915 ], [ 13.649996, 53.445579 ], [ 13.636902, 53.445072 ], [ 13.638665, 53.435124 ], [ 13.627949, 53.431847 ], [ 13.63775, 53.424356 ], [ 13.625972, 53.408516 ], [ 13.610817, 53.414366 ], [ 13.571115, 53.407445 ], [ 13.546736, 53.396467 ], [ 13.553868, 53.388162 ], [ 13.558026, 53.375446 ], [ 13.541539, 53.365135 ], [ 13.523272, 53.364768 ], [ 13.517044, 53.352355 ], [ 13.524765, 53.351231 ], [ 13.524783, 53.319747 ], [ 13.514105, 53.316459 ], [ 13.501783, 53.324912 ], [ 13.499882, 53.301579 ], [ 13.48077, 53.290437 ], [ 13.462392, 53.288266 ], [ 13.452879, 53.299331 ], [ 13.437308, 53.299775 ], [ 13.438683, 53.284444 ], [ 13.391113, 53.241713 ], [ 13.362815, 53.278481 ], [ 13.338981, 53.272845 ], [ 13.295369, 53.280337 ], [ 13.273386, 53.264745 ], [ 13.255029, 53.262542 ], [ 13.242223, 53.230508 ], [ 13.228258, 53.217391 ], [ 13.207667, 53.219738 ], [ 13.181356, 53.250112 ], [ 13.105199, 53.238602 ], [ 13.106302, 53.217889 ], [ 13.098078, 53.211805 ], [ 13.085319, 53.214829 ], [ 13.081638, 53.199634 ], [ 13.050562, 53.200423 ], [ 13.037044, 53.19267 ], [ 13.028709, 53.184786 ], [ 12.985797, 53.164271 ], [ 12.967869, 53.167411 ], [ 12.963432, 53.178311 ], [ 12.942357, 53.173431 ], [ 12.974529, 53.18883 ], [ 12.977799, 53.198641 ], [ 12.946722, 53.199403 ], [ 12.935996, 53.194269 ], [ 12.943214, 53.186 ], [ 12.922502, 53.186503 ], [ 12.930817, 53.194395 ], [ 12.912751, 53.195731 ], [ 12.883126, 53.179356 ], [ 12.855541, 53.1935 ], [ 12.845775, 53.202722 ], [ 12.816755, 53.195309 ], [ 12.764385, 53.187527 ], [ 12.741823, 53.199731 ], [ 12.758856, 53.222722 ], [ 12.691701, 53.227832 ], [ 12.663357, 53.231157 ], [ 12.672303, 53.249842 ], [ 12.628492, 53.255298 ], [ 12.601906, 53.245083 ], [ 12.551003, 53.262351 ], [ 12.530462, 53.266379 ], [ 12.50431, 53.263327 ], [ 12.501246, 53.255299 ], [ 12.483142, 53.256571 ], [ 12.443879, 53.251077 ], [ 12.427091, 53.275689 ], [ 12.411722, 53.279593 ], [ 12.39126, 53.285393 ], [ 12.394705, 53.300608 ], [ 12.330813, 53.320735 ], [ 12.320422, 53.320934 ], [ 12.30777, 53.327469 ], [ 12.258262, 53.325705 ], [ 12.23312, 53.342353 ], [ 12.228761, 53.358614 ], [ 12.215436, 53.352566 ], [ 12.192083, 53.353889 ], [ 12.186334, 53.343206 ], [ 12.170557, 53.339893 ], [ 12.153309, 53.359079 ], [ 12.140352, 53.360208 ], [ 12.134616, 53.349521 ], [ 12.095313, 53.343915 ], [ 12.07989, 53.347776 ], [ 12.080761, 53.36574 ], [ 12.070531, 53.369511 ], [ 12.062858, 53.372338 ], [ 12.044607, 53.371748 ], [ 12.053894, 53.348219 ], [ 12.016823, 53.334459 ], [ 12.021429, 53.321798 ], [ 12.020416, 53.30024 ], [ 11.991559, 53.294426 ], [ 11.978866, 53.300927 ], [ 11.956864, 53.274317 ], [ 11.92572, 53.274817 ], [ 11.917894, 53.274042 ], [ 11.89729, 53.277962 ], [ 11.859632, 53.247985 ], [ 11.815801, 53.254943 ], [ 11.797529, 53.252519 ], [ 11.82309, 53.243148 ], [ 11.832929, 53.230415 ], [ 11.801666, 53.22729 ], [ 11.783554, 53.228457 ], [ 11.775739, 53.227673 ], [ 11.76011, 53.226104 ], [ 11.754779, 53.222586 ], [ 11.741853, 53.223672 ], [ 11.736451, 53.218356 ], [ 11.726083, 53.218505 ], [ 11.729071, 53.228349 ], [ 11.713729, 53.233961 ], [ 11.696037, 53.245895 ], [ 11.649004, 53.237557 ], [ 11.628393, 53.241432 ], [ 11.591087, 53.214964 ], [ 11.567726, 53.21437 ], [ 11.55198, 53.209181 ], [ 11.561112, 53.174908 ], [ 11.568587, 53.166722 ], [ 11.543905, 53.128392 ], [ 11.50482, 53.120796 ], [ 11.489611, 53.129973 ], [ 11.47141, 53.1275 ], [ 11.461488, 53.140203 ], [ 11.422702, 53.141566 ], [ 11.414734, 53.135368 ], [ 11.396709, 53.138274 ], [ 11.39136, 53.132943 ], [ 11.395781, 53.109524 ], [ 11.336445, 53.11469 ], [ 11.318533, 53.121178 ], [ 11.310583, 53.114973 ], [ 11.269362, 53.120807 ], [ 11.228588, 53.142798 ], [ 11.230946, 53.134686 ], [ 11.225873, 53.138332 ], [ 11.223107, 53.132069 ], [ 11.220444, 53.1294 ], [ 11.197334, 53.135922 ], [ 11.181809, 53.136075 ], [ 11.174607, 53.156816 ], [ 11.190388, 53.165649 ], [ 11.193399, 53.180898 ], [ 11.147013, 53.190334 ], [ 11.136981, 53.203011 ], [ 11.116248, 53.203204 ], [ 11.085556, 53.219661 ] ], [ [ 12.424219, 54.371682 ], [ 12.427637, 54.293397 ], [ 12.476124, 54.303224 ], [ 12.469695, 54.329425 ], [ 12.531373, 54.336269 ], [ 12.537683, 54.352324 ], [ 12.553874, 54.355587 ], [ 12.535734, 54.364052 ], [ 12.555201, 54.377138 ], [ 12.58161, 54.372993 ], [ 12.572674, 54.357895 ], [ 12.591252, 54.356608 ], [ 12.600082, 54.369909 ], [ 12.646093, 54.380622 ], [ 12.670932, 54.393576 ], [ 12.65859, 54.409127 ], [ 12.640677, 54.421199 ], [ 12.621958, 54.420698 ], [ 12.61311, 54.407398 ], [ 12.575462, 54.402792 ], [ 12.57535, 54.400996 ], [ 12.580344, 54.395497 ], [ 12.582953, 54.394544 ], [ 12.595993, 54.389775 ], [ 12.580009, 54.39011 ], [ 12.553367, 54.390662 ], [ 12.517696, 54.37431 ], [ 12.491604, 54.383829 ], [ 12.435293, 54.378656 ], [ 12.424219, 54.371682 ] ], [ [ 13.250513, 54.400396 ], [ 13.256264, 54.405641 ], [ 13.240138, 54.404266 ], [ 13.250513, 54.400396 ] ], [ [ 13.361097, 54.545854 ], [ 13.343311, 54.524747 ], [ 13.348071, 54.517423 ], [ 13.389246, 54.529797 ], [ 13.387385, 54.539742 ], [ 13.361097, 54.545854 ] ] ], [ [ [ 11.389711, 53.964309 ], [ 11.392498, 53.968771 ], [ 11.397774, 53.968711 ], [ 11.405539, 53.964129 ], [ 11.389711, 53.964309 ] ] ], [ [ [ 11.393748, 54.006505 ], [ 11.457812, 54.025534 ], [ 11.49467, 54.021496 ], [ 11.494031, 54.003528 ], [ 11.478061, 54.000126 ], [ 11.471774, 53.971441 ], [ 11.452839, 53.958186 ], [ 11.439742, 53.961036 ], [ 11.446315, 53.998707 ], [ 11.427437, 53.987244 ], [ 11.429191, 53.96116 ], [ 11.390067, 53.97509 ], [ 11.379335, 53.969819 ], [ 11.374822, 53.993237 ], [ 11.393748, 54.006505 ] ] ], [ [ [ 11.511426, 54.046457 ], [ 11.508944, 54.050981 ], [ 11.514361, 54.054509 ], [ 11.519453, 54.049054 ], [ 11.511426, 54.046457 ] ] ], [ [ [ 11.540864, 54.055978 ], [ 11.535313, 54.048857 ], [ 11.530027, 54.048923 ], [ 11.535576, 54.056044 ], [ 11.540864, 54.055978 ] ] ], [ [ [ 11.546284, 54.059505 ], [ 11.538451, 54.062299 ], [ 11.531076, 54.077671 ], [ 11.552837, 54.093576 ], [ 11.598129, 54.101085 ], [ 11.578824, 54.080662 ], [ 11.546549, 54.066692 ], [ 11.546284, 54.059505 ] ] ], [ [ [ 12.719711, 54.405102 ], [ 12.722907, 54.413124 ], [ 12.7389, 54.412772 ], [ 12.733095, 54.405707 ], [ 12.719711, 54.405102 ] ] ], [ [ [ 12.924759, 54.436398 ], [ 12.933332, 54.444288 ], [ 12.959746, 54.440063 ], [ 12.929838, 54.432681 ], [ 12.924759, 54.436398 ] ] ], [ [ [ 13.218546, 54.401231 ], [ 13.215533, 54.396813 ], [ 13.207473, 54.396122 ], [ 13.20789, 54.401508 ], [ 13.218546, 54.401231 ] ] ], [ [ [ 12.97822, 54.436923 ], [ 13.003066, 54.448014 ], [ 13.035073, 54.447234 ], [ 13.049402, 54.460372 ], [ 13.05941, 54.451132 ], [ 13.045478, 54.443381 ], [ 13.002675, 54.442627 ], [ 12.977832, 54.431536 ], [ 12.970284, 54.438012 ], [ 12.976005, 54.443271 ], [ 12.97822, 54.436923 ] ] ], [ [ [ 13.065144, 54.456386 ], [ 13.060473, 54.465495 ], [ 13.058934, 54.480821 ], [ 13.080096, 54.513572 ], [ 13.065144, 54.456386 ] ] ], [ [ [ 13.125286, 54.544819 ], [ 13.111851, 54.544257 ], [ 13.116655, 54.536942 ], [ 13.100347, 54.533753 ], [ 13.085573, 54.515235 ], [ 13.0809, 54.524344 ], [ 13.102644, 54.564273 ], [ 13.096577, 54.590505 ], [ 13.127313, 54.606823 ], [ 13.145849, 54.603657 ], [ 13.154905, 54.581843 ], [ 13.147084, 54.58474 ], [ 13.143928, 54.578524 ], [ 13.133909, 54.587771 ], [ 13.140083, 54.598407 ], [ 13.109349, 54.582092 ], [ 13.119644, 54.576438 ], [ 13.105657, 54.568694 ], [ 13.11595, 54.56304 ], [ 13.112122, 54.547848 ], [ 13.125286, 54.544819 ] ] ], [ [ [ 13.239474, 54.600353 ], [ 13.227781, 54.588066 ], [ 13.171907, 54.558926 ], [ 13.161899, 54.568175 ], [ 13.200601, 54.583372 ], [ 13.229613, 54.611403 ], [ 13.239474, 54.600353 ] ] ], [ [ [ 13.355612, 54.181722 ], [ 13.353179, 54.184487 ], [ 13.369078, 54.184053 ], [ 13.363634, 54.182403 ], [ 13.355612, 54.181722 ] ] ], [ [ [ 13.29224, 54.253587 ], [ 13.294966, 54.254413 ], [ 13.302716, 54.251508 ], [ 13.297123, 54.24806 ], [ 13.29224, 54.253587 ] ] ], [ [ [ 13.764442, 54.032259 ], [ 13.773088, 54.040091 ], [ 13.783487, 54.037971 ], [ 13.792624, 54.051185 ], [ 13.787992, 54.058525 ], [ 13.799045, 54.063582 ], [ 13.813043, 54.100935 ], [ 13.805845, 54.109256 ], [ 13.785014, 54.113497 ], [ 13.776055, 54.131766 ], [ 13.752805, 54.138775 ], [ 13.752013, 54.159491 ], [ 13.763574, 54.169934 ], [ 13.811735, 54.173851 ], [ 13.836498, 54.125398 ], [ 13.853775, 54.111362 ], [ 13.899368, 54.088331 ], [ 13.940304, 54.07263 ], [ 13.966553, 54.069986 ], [ 14.018008, 54.053918 ], [ 14.027536, 54.042808 ], [ 14.037577, 54.037079 ], [ 14.110162, 53.994177 ], [ 14.197152, 53.938137 ], [ 14.227846, 53.928083 ], [ 14.210795, 53.916071 ], [ 14.18702, 53.915986 ], [ 14.183942, 53.911592 ], [ 14.202094, 53.908271 ], [ 14.213364, 53.888985 ], [ 14.211212, 53.867461 ], [ 14.18546, 53.873744 ], [ 14.151016, 53.872217 ], [ 14.132525, 53.871943 ], [ 14.082658, 53.874516 ], [ 14.063647, 53.86885 ], [ 14.037872, 53.875102 ], [ 13.99376, 53.854954 ], [ 13.993081, 53.847778 ], [ 13.985451, 53.850726 ], [ 13.947819, 53.842949 ], [ 13.921876, 53.847382 ], [ 13.900023, 53.839083 ], [ 13.860857, 53.843025 ], [ 13.845909, 53.852493 ], [ 13.827266, 53.850378 ], [ 13.82266, 53.85772 ], [ 13.837027, 53.870765 ], [ 13.89299, 53.877096 ], [ 13.926052, 53.892236 ], [ 13.9408, 53.908857 ], [ 13.935337, 53.935126 ], [ 13.893642, 53.969748 ], [ 13.908739, 53.989962 ], [ 13.943607, 53.995144 ], [ 13.964364, 53.990876 ], [ 13.970324, 53.969989 ], [ 13.950779, 53.958923 ], [ 13.951474, 53.938206 ], [ 13.959121, 53.93526 ], [ 13.971179, 53.951066 ], [ 13.963699, 53.955807 ], [ 13.985285, 53.960506 ], [ 14.025065, 53.961906 ], [ 14.010948, 53.95247 ], [ 14.033538, 53.940032 ], [ 14.044417, 53.943273 ], [ 14.037291, 53.951606 ], [ 14.051113, 53.985343 ], [ 14.047397, 54.001663 ], [ 14.025296, 54.019486 ], [ 14.00316, 54.009412 ], [ 14.000622, 54.038289 ], [ 13.975586, 54.053498 ], [ 13.979164, 54.06328 ], [ 13.968599, 54.063622 ], [ 13.962807, 54.05841 ], [ 13.926168, 54.063185 ], [ 13.912375, 54.057327 ], [ 13.908813, 54.047543 ], [ 13.923647, 54.036273 ], [ 13.902914, 54.012641 ], [ 13.862761, 54.007613 ], [ 13.85938, 53.999622 ], [ 13.852703, 54.013327 ], [ 13.865241, 54.034526 ], [ 13.881411, 54.037615 ], [ 13.876629, 54.043164 ], [ 13.856002, 54.049212 ], [ 13.811955, 54.030793 ], [ 13.797539, 54.017745 ], [ 13.768593, 54.019536 ], [ 13.764442, 54.032259 ] ] ], [ [ [ 13.694132, 54.28539 ], [ 13.693653, 54.280006 ], [ 13.685766, 54.281142 ], [ 13.683508, 54.285707 ], [ 13.694132, 54.28539 ] ] ], [ [ [ 13.611479, 54.314823 ], [ 13.611947, 54.320207 ], [ 13.62, 54.32087 ], [ 13.622423, 54.318101 ], [ 13.611479, 54.314823 ] ] ], [ [ [ 13.534626, 54.319744 ], [ 13.532502, 54.326102 ], [ 13.53539, 54.328718 ], [ 13.548608, 54.327439 ], [ 13.534626, 54.319744 ] ] ], [ [ [ 13.933196, 54.02517 ], [ 13.919414, 54.019313 ], [ 13.917027, 54.022088 ], [ 13.928422, 54.030722 ], [ 13.933196, 54.02517 ] ] ], [ [ [ 13.911243, 54.243611 ], [ 13.919962, 54.251432 ], [ 13.927498, 54.246694 ], [ 13.913643, 54.240836 ], [ 13.911243, 54.243611 ] ] ] ] } },
{ "type": "Feature", "properties": { "state_id": 14, "name": "Sachsen" }, "geometry": { "type": "Polygon", "coordinates": [ [ [ 12.334268, 50.173501 ], [ 12.297874, 50.17334 ], [ 12.27688, 50.190851 ], [ 12.28965, 50.204087 ], [ 12.282849, 50.214117 ], [ 12.295367, 50.221962 ], [ 12.278429, 50.2232 ], [ 12.285922, 50.227548 ], [ 12.23833, 50.248277 ], [ 12.248549, 50.25887 ], [ 12.262688, 50.249597 ], [ 12.265501, 50.257636 ], [ 12.251616, 50.272301 ], [ 12.198189, 50.27334 ], [ 12.196717, 50.294055 ], [ 12.199772, 50.307487 ], [ 12.176129, 50.32233 ], [ 12.146956, 50.322881 ], [ 12.122242, 50.314348 ], [ 12.102956, 50.318301 ], [ 12.091237, 50.328409 ], [ 12.057353, 50.33262 ], [ 12.054648, 50.326373 ], [ 12.040447, 50.335621 ], [ 12.032882, 50.32946 ], [ 12.02848, 50.34033 ], [ 11.977893, 50.352906 ], [ 11.984114, 50.385174 ], [ 11.967634, 50.398948 ], [ 11.950328, 50.392949 ], [ 11.944021, 50.417337 ], [ 11.922352, 50.423997 ], [ 11.927518, 50.431105 ], [ 11.888887, 50.440741 ], [ 11.896596, 50.450506 ], [ 11.921121, 50.453695 ], [ 11.931315, 50.464315 ], [ 11.94805, 50.455939 ], [ 11.950897, 50.465782 ], [ 11.941069, 50.46415 ], [ 11.936487, 50.471422 ], [ 11.944137, 50.479386 ], [ 11.961249, 50.479995 ], [ 11.9641, 50.489838 ], [ 11.945175, 50.504549 ], [ 11.930752, 50.510188 ], [ 11.926531, 50.526446 ], [ 11.914286, 50.525751 ], [ 11.918877, 50.51848 ], [ 11.908965, 50.515048 ], [ 11.884697, 50.519046 ], [ 11.875862, 50.542571 ], [ 11.888544, 50.554054 ], [ 11.925302, 50.556142 ], [ 11.930631, 50.566844 ], [ 11.924146, 50.587636 ], [ 11.943928, 50.592698 ], [ 11.983658, 50.606409 ], [ 11.984417, 50.624381 ], [ 12.014241, 50.634654 ], [ 12.021158, 50.624641 ], [ 12.003455, 50.611461 ], [ 12.034514, 50.59383 ], [ 12.03397, 50.581249 ], [ 12.01628, 50.568072 ], [ 12.032882, 50.556089 ], [ 12.027686, 50.548986 ], [ 12.052193, 50.55035 ], [ 12.074456, 50.556245 ], [ 12.077812, 50.576869 ], [ 12.087749, 50.580286 ], [ 12.121322, 50.565282 ], [ 12.124131, 50.573324 ], [ 12.138795, 50.573053 ], [ 12.155944, 50.573632 ], [ 12.158842, 50.58347 ], [ 12.110112, 50.587971 ], [ 12.117892, 50.597721 ], [ 12.145077, 50.603512 ], [ 12.146145, 50.626875 ], [ 12.156097, 50.630286 ], [ 12.175506, 50.626323 ], [ 12.174923, 50.613744 ], [ 12.187112, 50.612614 ], [ 12.198158, 50.639383 ], [ 12.219802, 50.630874 ], [ 12.239292, 50.628697 ], [ 12.244444, 50.633993 ], [ 12.266337, 50.630866 ], [ 12.26205, 50.643541 ], [ 12.279314, 50.645899 ], [ 12.301652, 50.65175 ], [ 12.314557, 50.664982 ], [ 12.322571, 50.678311 ], [ 12.315622, 50.686545 ], [ 12.273931, 50.686476 ], [ 12.260186, 50.706531 ], [ 12.253309, 50.716558 ], [ 12.276027, 50.729602 ], [ 12.264071, 50.736133 ], [ 12.239374, 50.733018 ], [ 12.227755, 50.746732 ], [ 12.238599, 50.768106 ], [ 12.265203, 50.759493 ], [ 12.288473, 50.783315 ], [ 12.286326, 50.789653 ], [ 12.25669, 50.786639 ], [ 12.252039, 50.792126 ], [ 12.242995, 50.808489 ], [ 12.250927, 50.820026 ], [ 12.260319, 50.810849 ], [ 12.284882, 50.810366 ], [ 12.287911, 50.821997 ], [ 12.302387, 50.816314 ], [ 12.298005, 50.827193 ], [ 12.307389, 50.818012 ], [ 12.346967, 50.822611 ], [ 12.34769, 50.836985 ], [ 12.367899, 50.847365 ], [ 12.402406, 50.848451 ], [ 12.412704, 50.85723 ], [ 12.419193, 50.840007 ], [ 12.443959, 50.843083 ], [ 12.44509, 50.864644 ], [ 12.465047, 50.869616 ], [ 12.458191, 50.879655 ], [ 12.488477, 50.893397 ], [ 12.510767, 50.895613 ], [ 12.506233, 50.902907 ], [ 12.521193, 50.906179 ], [ 12.538078, 50.899514 ], [ 12.550727, 50.905532 ], [ 12.570216, 50.901503 ], [ 12.58267, 50.903923 ], [ 12.619938, 50.909381 ], [ 12.639322, 50.903544 ], [ 12.652805, 50.923922 ], [ 12.631613, 50.941495 ], [ 12.621377, 50.978603 ], [ 12.605081, 50.996059 ], [ 12.582538, 50.990268 ], [ 12.579623, 50.982238 ], [ 12.555764, 50.997157 ], [ 12.523853, 51.000554 ], [ 12.538945, 51.005621 ], [ 12.539929, 51.023586 ], [ 12.50558, 51.027931 ], [ 12.50384, 51.041459 ], [ 12.499291, 51.048752 ], [ 12.509459, 51.053928 ], [ 12.500165, 51.064921 ], [ 12.470529, 51.065556 ], [ 12.459183, 51.084683 ], [ 12.44892, 51.077705 ], [ 12.409207, 51.074939 ], [ 12.389909, 51.084331 ], [ 12.367351, 51.078499 ], [ 12.351016, 51.097716 ], [ 12.334033, 51.104353 ], [ 12.321088, 51.092922 ], [ 12.301496, 51.096909 ], [ 12.283885, 51.090962 ], [ 12.274442, 51.10014 ], [ 12.254493, 51.096932 ], [ 12.227609, 51.103746 ], [ 12.218584, 51.121903 ], [ 12.235938, 51.12247 ], [ 12.241232, 51.129562 ], [ 12.194794, 51.142138 ], [ 12.203202, 51.162661 ], [ 12.214138, 51.184035 ], [ 12.176866, 51.182041 ], [ 12.172168, 51.187524 ], [ 12.182244, 51.190932 ], [ 12.205694, 51.214768 ], [ 12.19369, 51.223088 ], [ 12.196897, 51.238314 ], [ 12.194461, 51.239259 ], [ 12.190357, 51.25732 ], [ 12.173038, 51.258544 ], [ 12.165978, 51.266768 ], [ 12.168925, 51.276605 ], [ 12.169689, 51.292776 ], [ 12.152608, 51.299387 ], [ 12.157911, 51.306482 ], [ 12.146126, 51.320187 ], [ 12.163554, 51.320764 ], [ 12.171387, 51.328711 ], [ 12.193958, 51.332785 ], [ 12.19186, 51.340917 ], [ 12.192805, 51.360681 ], [ 12.185562, 51.365313 ], [ 12.195765, 51.370516 ], [ 12.180761, 51.368999 ], [ 12.188692, 51.378742 ], [ 12.173686, 51.377224 ], [ 12.169053, 51.384503 ], [ 12.184232, 51.389615 ], [ 12.172691, 51.408713 ], [ 12.188136, 51.419215 ], [ 12.181312, 51.43283 ], [ 12.161309, 51.431403 ], [ 12.159795, 51.452112 ], [ 12.147721, 51.460427 ], [ 12.173061, 51.46895 ], [ 12.173659, 51.481527 ], [ 12.203741, 51.48456 ], [ 12.207145, 51.503379 ], [ 12.18982, 51.506402 ], [ 12.19847, 51.530517 ], [ 12.209059, 51.542905 ], [ 12.231828, 51.548767 ], [ 12.240067, 51.563896 ], [ 12.289911, 51.561133 ], [ 12.292634, 51.565576 ], [ 12.312791, 51.568776 ], [ 12.323329, 51.579358 ], [ 12.34331, 51.57896 ], [ 12.333688, 51.586346 ], [ 12.371016, 51.582898 ], [ 12.391281, 51.587882 ], [ 12.423515, 51.582723 ], [ 12.424185, 51.595298 ], [ 12.439368, 51.59858 ], [ 12.434755, 51.60587 ], [ 12.444944, 51.609254 ], [ 12.4571, 51.602706 ], [ 12.484733, 51.604821 ], [ 12.479147, 51.594148 ], [ 12.499331, 51.597316 ], [ 12.494728, 51.604608 ], [ 12.504921, 51.607988 ], [ 12.524913, 51.607559 ], [ 12.527262, 51.60481 ], [ 12.539605, 51.601846 ], [ 12.578458, 51.625277 ], [ 12.595598, 51.618604 ], [ 12.60356, 51.626521 ], [ 12.62111, 51.627029 ], [ 12.628454, 51.624167 ], [ 12.620489, 51.616252 ], [ 12.635485, 51.615916 ], [ 12.666424, 51.631403 ], [ 12.664503, 51.641339 ], [ 12.685783, 51.662437 ], [ 12.735493, 51.655892 ], [ 12.738048, 51.656732 ], [ 12.772519, 51.646929 ], [ 12.791184, 51.665372 ], [ 12.808863, 51.667648 ], [ 12.811421, 51.668486 ], [ 12.829775, 51.681535 ], [ 12.847462, 51.683805 ], [ 12.85924, 51.671827 ], [ 12.868227, 51.655419 ], [ 12.893925, 51.66558 ], [ 12.900225, 51.646538 ], [ 12.930465, 51.649383 ], [ 12.942212, 51.637397 ], [ 12.950587, 51.650678 ], [ 12.970829, 51.653764 ], [ 12.968974, 51.663705 ], [ 12.981895, 51.669673 ], [ 13.011559, 51.663519 ], [ 13.022451, 51.638954 ], [ 13.050495, 51.646322 ], [ 13.083306, 51.613083 ], [ 13.095371, 51.606469 ], [ 13.105732, 51.611591 ], [ 13.096105, 51.617243 ], [ 13.110729, 51.611459 ], [ 13.116342, 51.620305 ], [ 13.144838, 51.597955 ], [ 13.154953, 51.599482 ], [ 13.156391, 51.584152 ], [ 13.140294, 51.568394 ], [ 13.162197, 51.559709 ], [ 13.189208, 51.552679 ], [ 13.188328, 51.54011 ], [ 13.209576, 51.522438 ], [ 13.208313, 51.504481 ], [ 13.19721, 51.488594 ], [ 13.182385, 51.490797 ], [ 13.181133, 51.472841 ], [ 13.205032, 51.457795 ], [ 13.193817, 51.440111 ], [ 13.173281, 51.431676 ], [ 13.187712, 51.424086 ], [ 13.190889, 51.433894 ], [ 13.200844, 51.433622 ], [ 13.201886, 51.412904 ], [ 13.215675, 51.396332 ], [ 13.242964, 51.394678 ], [ 13.26961, 51.384039 ], [ 13.258266, 51.399649 ], [ 13.285685, 51.39978 ], [ 13.286588, 51.412349 ], [ 13.32743, 51.425585 ], [ 13.31826, 51.436642 ], [ 13.330899, 51.438981 ], [ 13.337775, 51.430688 ], [ 13.384853, 51.426634 ], [ 13.373141, 51.436869 ], [ 13.406764, 51.452986 ], [ 13.403673, 51.444979 ], [ 13.427485, 51.429888 ], [ 13.421971, 51.422853 ], [ 13.44497, 51.430273 ], [ 13.454244, 51.421003 ], [ 13.464467, 51.424298 ], [ 13.463379, 51.409936 ], [ 13.520233, 51.403736 ], [ 13.523547, 51.382043 ], [ 13.538043, 51.376206 ], [ 13.542736, 51.372465 ], [ 13.566148, 51.385247 ], [ 13.591003, 51.384485 ], [ 13.592291, 51.36915 ], [ 13.604644, 51.367869 ], [ 13.619835, 51.370997 ], [ 13.639427, 51.366788 ], [ 13.69225, 51.373226 ], [ 13.736095, 51.361032 ], [ 13.746324, 51.364303 ], [ 13.766788, 51.370842 ], [ 13.763197, 51.357461 ], [ 13.784253, 51.371177 ], [ 13.819035, 51.370043 ], [ 13.834542, 51.376733 ], [ 13.837554, 51.382933 ], [ 13.884235, 51.375088 ], [ 13.963349, 51.396725 ], [ 13.972824, 51.391003 ], [ 13.969015, 51.375834 ], [ 14.001077, 51.372038 ], [ 13.997206, 51.38477 ], [ 14.010338, 51.392419 ], [ 14.003118, 51.395367 ], [ 14.023317, 51.398272 ], [ 14.016254, 51.403015 ], [ 14.034842, 51.415874 ], [ 14.042539, 51.418307 ], [ 14.038517, 51.429246 ], [ 14.046217, 51.43168 ], [ 14.036744, 51.437408 ], [ 14.062577, 51.447311 ], [ 14.035097, 51.475264 ], [ 14.050354, 51.478336 ], [ 14.072202, 51.471276 ], [ 14.090191, 51.476948 ], [ 14.074125, 51.492809 ], [ 14.097105, 51.498306 ], [ 14.104187, 51.521457 ], [ 14.139402, 51.523816 ], [ 14.127673, 51.532331 ], [ 14.133309, 51.539332 ], [ 14.14136, 51.545347 ], [ 14.163554, 51.541859 ], [ 14.218401, 51.539894 ], [ 14.244736, 51.52724 ], [ 14.277724, 51.532339 ], [ 14.323972, 51.518936 ], [ 14.330168, 51.505205 ], [ 14.343221, 51.511021 ], [ 14.34167, 51.520981 ], [ 14.387902, 51.533657 ], [ 14.388593, 51.540833 ], [ 14.448767, 51.54216 ], [ 14.455333, 51.558114 ], [ 14.517579, 51.554827 ], [ 14.548395, 51.562635 ], [ 14.546887, 51.572597 ], [ 14.567741, 51.580787 ], [ 14.599354, 51.571447 ], [ 14.612317, 51.551129 ], [ 14.674912, 51.551345 ], [ 14.690793, 51.559713 ], [ 14.69486, 51.574856 ], [ 14.707423, 51.575252 ], [ 14.697084, 51.596376 ], [ 14.712055, 51.595774 ], [ 14.728121, 51.58162 ], [ 14.710739, 51.558911 ], [ 14.731964, 51.54635 ], [ 14.727888, 51.531208 ], [ 14.764041, 51.518034 ], [ 14.796515, 51.517607 ], [ 14.848636, 51.490243 ], [ 14.872951, 51.483828 ], [ 14.886068, 51.489583 ], [ 14.949221, 51.472516 ], [ 14.975556, 51.438976 ], [ 14.957276, 51.431648 ], [ 14.968242, 51.417673 ], [ 14.962349, 51.386404 ], [ 14.983428, 51.373797 ], [ 14.964396, 51.359299 ], [ 14.974518, 51.360669 ], [ 14.979136, 51.334354 ], [ 15.007332, 51.318735 ], [ 15.012712, 51.299591 ], [ 15.027583, 51.298949 ], [ 15.04227, 51.273996 ], [ 15.03812, 51.258865 ], [ 15.022282, 51.250544 ], [ 15.03635, 51.24273 ], [ 15.016575, 51.221069 ], [ 15.005576, 51.165703 ], [ 14.992539, 51.15996 ], [ 14.998144, 51.120091 ], [ 14.980184, 51.114559 ], [ 14.978686, 51.077697 ], [ 14.965677, 51.071951 ], [ 14.972594, 51.067151 ], [ 14.961574, 51.056816 ], [ 14.965927, 51.051225 ], [ 14.938592, 51.027177 ], [ 14.933355, 51.001282 ], [ 14.91545, 50.995739 ], [ 14.920646, 50.974804 ], [ 14.908054, 50.972637 ], [ 14.893381, 50.950744 ], [ 14.896976, 50.937983 ], [ 14.874182, 50.932642 ], [ 14.870123, 50.917503 ], [ 14.817231, 50.883697 ], [ 14.825197, 50.865353 ], [ 14.808978, 50.851621 ], [ 14.803839, 50.825719 ], [ 14.791293, 50.823539 ], [ 14.768568, 50.818176 ], [ 14.744947, 50.828155 ], [ 14.717317, 50.822984 ], [ 14.713862, 50.837534 ], [ 14.686772, 50.837736 ], [ 14.660939, 50.850488 ], [ 14.650759, 50.847297 ], [ 14.617277, 50.857645 ], [ 14.633218, 50.893925 ], [ 14.654315, 50.907484 ], [ 14.651195, 50.925619 ], [ 14.649365, 50.931995 ], [ 14.583464, 50.914817 ], [ 14.564146, 50.919183 ], [ 14.559933, 50.926553 ], [ 14.595723, 50.963853 ], [ 14.598036, 50.987171 ], [ 14.560752, 51.010255 ], [ 14.537786, 51.003054 ], [ 14.538841, 51.013817 ], [ 14.49756, 51.02173 ], [ 14.504759, 51.044859 ], [ 14.492168, 51.042647 ], [ 14.495357, 51.024517 ], [ 14.478016, 51.024288 ], [ 14.452025, 51.036994 ], [ 14.420553, 51.018393 ], [ 14.384179, 51.026077 ], [ 14.380437, 51.038822 ], [ 14.363769, 51.045752 ], [ 14.338267, 51.037708 ], [ 14.317666, 51.055581 ], [ 14.300315, 51.055326 ], [ 14.288784, 51.037749 ], [ 14.274155, 51.04009 ], [ 14.287786, 51.026984 ], [ 14.276434, 51.0112 ], [ 14.261317, 51.008157 ], [ 14.2678, 50.998016 ], [ 14.256956, 50.987613 ], [ 14.285684, 50.977551 ], [ 14.328301, 50.984067 ], [ 14.327128, 50.971508 ], [ 14.304385, 50.966054 ], [ 14.318656, 50.960121 ], [ 14.313232, 50.954922 ], [ 14.361445, 50.942312 ], [ 14.390972, 50.941194 ], [ 14.401828, 50.925477 ], [ 14.386223, 50.917067 ], [ 14.389446, 50.898939 ], [ 14.34757, 50.899622 ], [ 14.336731, 50.889226 ], [ 14.311986, 50.888352 ], [ 14.304031, 50.882347 ], [ 14.268237, 50.895377 ], [ 14.252667, 50.886949 ], [ 14.233003, 50.887671 ], [ 14.225478, 50.85914 ], [ 14.147645, 50.843058 ], [ 14.127203, 50.83479 ], [ 14.086972, 50.825419 ], [ 14.070831, 50.809788 ], [ 14.036473, 50.810994 ], [ 14.028412, 50.803175 ], [ 13.990379, 50.818898 ], [ 13.952568, 50.808498 ], [ 13.956867, 50.801151 ], [ 13.931118, 50.78763 ], [ 13.904658, 50.794829 ], [ 13.896773, 50.788795 ], [ 13.887244, 50.763016 ], [ 13.901206, 50.753545 ], [ 13.895255, 50.741145 ], [ 13.865845, 50.742135 ], [ 13.854709, 50.726308 ], [ 13.829914, 50.723535 ], [ 13.786686, 50.735763 ], [ 13.757133, 50.73493 ], [ 13.74171, 50.726433 ], [ 13.725059, 50.733272 ], [ 13.706552, 50.71677 ], [ 13.66106, 50.731723 ], [ 13.651117, 50.730238 ], [ 13.602825, 50.709261 ], [ 13.554106, 50.714373 ], [ 13.541381, 50.708466 ], [ 13.526142, 50.701735 ], [ 13.546348, 50.676819 ], [ 13.512841, 50.65535 ], [ 13.527117, 50.649514 ], [ 13.521279, 50.637095 ], [ 13.501444, 50.634101 ], [ 13.462172, 50.600196 ], [ 13.428742, 50.611995 ], [ 13.377542, 50.649501 ], [ 13.368074, 50.620086 ], [ 13.32266, 50.601612 ], [ 13.323643, 50.580889 ], [ 13.29144, 50.575517 ], [ 13.282797, 50.591959 ], [ 13.251213, 50.595556 ], [ 13.221926, 50.561291 ], [ 13.230831, 50.548445 ], [ 13.194208, 50.51348 ], [ 13.1986, 50.50616 ], [ 13.176463, 50.504075 ], [ 13.139811, 50.504184 ], [ 13.131008, 50.518819 ], [ 13.103041, 50.502484 ], [ 13.059014, 50.501866 ], [ 13.047339, 50.510274 ], [ 13.030202, 50.509828 ], [ 13.017336, 50.461585 ], [ 13.017221, 50.459789 ], [ 13.02152, 50.450679 ], [ 12.987851, 50.420073 ], [ 12.943455, 50.412225 ], [ 12.945386, 50.404079 ], [ 12.893365, 50.430593 ], [ 12.821895, 50.459362 ], [ 12.806415, 50.445348 ], [ 12.810646, 50.434449 ], [ 12.792006, 50.449298 ], [ 12.754769, 50.438504 ], [ 12.734964, 50.433581 ], [ 12.726774, 50.418483 ], [ 12.706775, 50.409962 ], [ 12.706158, 50.399182 ], [ 12.668117, 50.416265 ], [ 12.662943, 50.410988 ], [ 12.614437, 50.415703 ], [ 12.596747, 50.404411 ], [ 12.582333, 50.408335 ], [ 12.562365, 50.399788 ], [ 12.513575, 50.399069 ], [ 12.485329, 50.371802 ], [ 12.488966, 50.348336 ], [ 12.462446, 50.353407 ], [ 12.434719, 50.335111 ], [ 12.434073, 50.322532 ], [ 12.397564, 50.322403 ], [ 12.40097, 50.293549 ], [ 12.363678, 50.277235 ], [ 12.350333, 50.253225 ], [ 12.352004, 50.2379 ], [ 12.330385, 50.24284 ], [ 12.336384, 50.216633 ], [ 12.32677, 50.218628 ], [ 12.321392, 50.207944 ], [ 12.337706, 50.194119 ], [ 12.324925, 50.180888 ], [ 12.334268, 50.173501 ] ] ] } },
{ "type": "Feature", "properties": { "state_id": 15, "name": "Sachsen-Anhalt" }, "geometry": { "type": "Polygon", "coordinates": [ [ [ 10.900906, 51.565671 ], [ 10.881237, 51.582 ], [ 10.894066, 51.598982 ], [ 10.931393, 51.590601 ], [ 10.936651, 51.603143 ], [ 10.914279, 51.609612 ], [ 10.919425, 51.616762 ], [ 10.896831, 51.612443 ], [ 10.894313, 51.611564 ], [ 10.859717, 51.633395 ], [ 10.834669, 51.631778 ], [ 10.819499, 51.622897 ], [ 10.814787, 51.639108 ], [ 10.764902, 51.648433 ], [ 10.754803, 51.643105 ], [ 10.702219, 51.640735 ], [ 10.684909, 51.65432 ], [ 10.685017, 51.66151 ], [ 10.667588, 51.667902 ], [ 10.670237, 51.677774 ], [ 10.665308, 51.683195 ], [ 10.670529, 51.697546 ], [ 10.670689, 51.708331 ], [ 10.650798, 51.719229 ], [ 10.630974, 51.735515 ], [ 10.628753, 51.7562 ], [ 10.596252, 51.764458 ], [ 10.578909, 51.781622 ], [ 10.586636, 51.796863 ], [ 10.574231, 51.808608 ], [ 10.577007, 51.829267 ], [ 10.587103, 51.832812 ], [ 10.57719, 51.843647 ], [ 10.640517, 51.878372 ], [ 10.650733, 51.889101 ], [ 10.646011, 51.910698 ], [ 10.625975, 51.917996 ], [ 10.613474, 51.924353 ], [ 10.611164, 51.939644 ], [ 10.644098, 51.952951 ], [ 10.646733, 51.961025 ], [ 10.624018, 51.958451 ], [ 10.621611, 51.966553 ], [ 10.604127, 51.978328 ], [ 10.586447, 51.97572 ], [ 10.561601, 52.004602 ], [ 10.584382, 52.010782 ], [ 10.602004, 52.007998 ], [ 10.634858, 52.012319 ], [ 10.640057, 52.023077 ], [ 10.657733, 52.023878 ], [ 10.647899, 52.041908 ], [ 10.670658, 52.044477 ], [ 10.723771, 52.050455 ], [ 10.746449, 52.047618 ], [ 10.801988, 52.047254 ], [ 10.832316, 52.048842 ], [ 10.842414, 52.04877 ], [ 10.872919, 52.059335 ], [ 10.946167, 52.05967 ], [ 10.963785, 52.056831 ], [ 10.974237, 52.072924 ], [ 10.966989, 52.088263 ], [ 10.939364, 52.096574 ], [ 10.942061, 52.104642 ], [ 10.980036, 52.10703 ], [ 11.028621, 52.130885 ], [ 11.04388, 52.134347 ], [ 11.051785, 52.147759 ], [ 11.062034, 52.15306 ], [ 11.059951, 52.171953 ], [ 11.029573, 52.172221 ], [ 11.012403, 52.196636 ], [ 11.025129, 52.199223 ], [ 11.025418, 52.211804 ], [ 11.045772, 52.215221 ], [ 11.076309, 52.220341 ], [ 11.084109, 52.228359 ], [ 11.079344, 52.240985 ], [ 11.061618, 52.242044 ], [ 11.05173, 52.252918 ], [ 11.056973, 52.260061 ], [ 11.054628, 52.268171 ], [ 11.029342, 52.271988 ], [ 11.017005, 52.287374 ], [ 11.012052, 52.292809 ], [ 11.037645, 52.301576 ], [ 11.020347, 52.322397 ], [ 11.002709, 52.328839 ], [ 11.002871, 52.336028 ], [ 10.987586, 52.334358 ], [ 10.982664, 52.341589 ], [ 11.010759, 52.347645 ], [ 11.03609, 52.343832 ], [ 11.038652, 52.344708 ], [ 11.059111, 52.34992 ], [ 11.059283, 52.357109 ], [ 11.069408, 52.355221 ], [ 11.074883, 52.371349 ], [ 11.067319, 52.374114 ], [ 11.024524, 52.393364 ], [ 11.014225, 52.38806 ], [ 11.019477, 52.395205 ], [ 10.999448, 52.409755 ], [ 10.979445, 52.426099 ], [ 10.964286, 52.431615 ], [ 10.949509, 52.455101 ], [ 10.934299, 52.458817 ], [ 10.932035, 52.472315 ], [ 10.947828, 52.495558 ], [ 10.958106, 52.499071 ], [ 11.006539, 52.497773 ], [ 10.953937, 52.542244 ], [ 10.936583, 52.566647 ], [ 10.947147, 52.582741 ], [ 10.944804, 52.592646 ], [ 10.97579, 52.606776 ], [ 10.976188, 52.624748 ], [ 10.968536, 52.625709 ], [ 10.924698, 52.60898 ], [ 10.902149, 52.631621 ], [ 10.869625, 52.668709 ], [ 10.834466, 52.704908 ], [ 10.827034, 52.71844 ], [ 10.79618, 52.713257 ], [ 10.789155, 52.75015 ], [ 10.773829, 52.753845 ], [ 10.776569, 52.763713 ], [ 10.758936, 52.782699 ], [ 10.756603, 52.796194 ], [ 10.759373, 52.807859 ], [ 10.765107, 52.841973 ], [ 10.842422, 52.85224 ], [ 10.868202, 52.855651 ], [ 10.885962, 52.843838 ], [ 10.906748, 52.854467 ], [ 10.929906, 52.855189 ], [ 10.945332, 52.855068 ], [ 10.966416, 52.878267 ], [ 10.98971, 52.884368 ], [ 10.990199, 52.905933 ], [ 11.010916, 52.911153 ], [ 11.070101, 52.909742 ], [ 11.090784, 52.913151 ], [ 11.098077, 52.896009 ], [ 11.128956, 52.895722 ], [ 11.157572, 52.907134 ], [ 11.219044, 52.895741 ], [ 11.231834, 52.892914 ], [ 11.239171, 52.879357 ], [ 11.252006, 52.878326 ], [ 11.290934, 52.889597 ], [ 11.293108, 52.876092 ], [ 11.313738, 52.877666 ], [ 11.383954, 52.901145 ], [ 11.409804, 52.904439 ], [ 11.423171, 52.919561 ], [ 11.436074, 52.920306 ], [ 11.438796, 52.924768 ], [ 11.444065, 52.9283 ], [ 11.457211, 52.93623 ], [ 11.503755, 52.94105 ], [ 11.491523, 52.960077 ], [ 11.497233, 52.976185 ], [ 11.513826, 53.008334 ], [ 11.557392, 52.999689 ], [ 11.557842, 53.012267 ], [ 11.597433, 53.036016 ], [ 11.631227, 53.041855 ], [ 11.643829, 53.033594 ], [ 11.622642, 53.0195 ], [ 11.627533, 53.012244 ], [ 11.635036, 53.00585 ], [ 11.676446, 53.008876 ], [ 11.683941, 53.00248 ], [ 11.688193, 52.97905 ], [ 11.706202, 52.977897 ], [ 11.729867, 52.989245 ], [ 11.755506, 52.985278 ], [ 11.785485, 52.961466 ], [ 11.834329, 52.958035 ], [ 11.849406, 52.948815 ], [ 11.824904, 52.917728 ], [ 11.834823, 52.908588 ], [ 11.870853, 52.908033 ], [ 11.90103, 52.891379 ], [ 11.924222, 52.891909 ], [ 11.926755, 52.890969 ], [ 11.962284, 52.879607 ], [ 11.985307, 52.876532 ], [ 12.006293, 52.885172 ], [ 12.021975, 52.890303 ], [ 12.045, 52.887216 ], [ 12.075866, 52.886687 ], [ 12.080496, 52.875819 ], [ 12.108738, 52.874427 ], [ 12.12757, 52.891176 ], [ 12.119198, 52.877839 ], [ 12.131486, 52.865935 ], [ 12.125819, 52.855248 ], [ 12.183081, 52.868604 ], [ 12.193907, 52.879194 ], [ 12.208518, 52.862745 ], [ 12.231607, 52.861419 ], [ 12.254528, 52.807049 ], [ 12.248562, 52.790979 ], [ 12.222625, 52.786069 ], [ 12.224689, 52.776141 ], [ 12.20578, 52.757612 ], [ 12.222773, 52.738418 ], [ 12.201815, 52.729815 ], [ 12.198847, 52.721779 ], [ 12.22365, 52.705138 ], [ 12.217892, 52.692659 ], [ 12.233073, 52.688781 ], [ 12.237003, 52.665333 ], [ 12.235176, 52.629406 ], [ 12.203952, 52.619197 ], [ 12.173542, 52.625149 ], [ 12.172655, 52.607185 ], [ 12.172123, 52.596406 ], [ 12.181275, 52.574663 ], [ 12.15477, 52.555366 ], [ 12.140742, 52.529548 ], [ 12.156049, 52.529272 ], [ 12.171887, 52.539773 ], [ 12.189437, 52.533159 ], [ 12.168232, 52.517364 ], [ 12.172714, 52.504696 ], [ 12.182646, 52.49912 ], [ 12.228807, 52.50366 ], [ 12.234997, 52.525121 ], [ 12.260046, 52.515659 ], [ 12.261538, 52.494953 ], [ 12.279057, 52.488325 ], [ 12.299914, 52.496915 ], [ 12.312331, 52.490382 ], [ 12.306577, 52.477906 ], [ 12.332152, 52.479207 ], [ 12.313328, 52.460693 ], [ 12.318046, 52.453409 ], [ 12.304891, 52.445573 ], [ 12.30433, 52.434795 ], [ 12.28887, 52.431497 ], [ 12.290904, 52.421568 ], [ 12.272767, 52.415622 ], [ 12.287663, 52.408144 ], [ 12.300337, 52.407001 ], [ 12.302368, 52.397072 ], [ 12.291358, 52.381101 ], [ 12.306426, 52.377213 ], [ 12.282759, 52.362386 ], [ 12.309734, 52.342984 ], [ 12.272238, 52.305946 ], [ 12.269654, 52.305097 ], [ 12.243863, 52.247148 ], [ 12.261471, 52.244116 ], [ 12.293728, 52.23001 ], [ 12.280369, 52.216782 ], [ 12.260104, 52.21717 ], [ 12.244452, 52.208476 ], [ 12.246035, 52.189566 ], [ 12.243097, 52.18153 ], [ 12.225512, 52.184559 ], [ 12.21716, 52.169431 ], [ 12.234559, 52.162811 ], [ 12.2459, 52.136523 ], [ 12.258498, 52.135384 ], [ 12.274598, 52.103608 ], [ 12.292239, 52.102368 ], [ 12.319241, 52.086557 ], [ 12.33575, 52.063754 ], [ 12.377664, 52.044036 ], [ 12.392804, 52.043731 ], [ 12.426866, 52.019658 ], [ 12.446845, 52.015649 ], [ 12.460488, 52.034248 ], [ 12.478196, 52.034777 ], [ 12.479974, 52.021252 ], [ 12.496977, 52.009205 ], [ 12.53691, 52.00116 ], [ 12.541037, 51.984886 ], [ 12.601304, 51.979976 ], [ 12.61663, 51.983234 ], [ 12.612008, 51.99053 ], [ 12.64246, 51.993449 ], [ 12.64588, 52.00866 ], [ 12.658858, 52.014663 ], [ 12.680853, 52.002475 ], [ 12.698551, 52.002971 ], [ 12.7305, 51.988747 ], [ 12.767799, 51.979785 ], [ 12.777654, 51.975956 ], [ 12.774525, 51.966138 ], [ 12.819633, 51.961471 ], [ 12.845156, 51.966254 ], [ 12.853177, 51.933685 ], [ 12.885951, 51.933786 ], [ 12.893096, 51.927316 ], [ 12.916149, 51.933043 ], [ 12.91919, 51.941062 ], [ 12.961564, 51.93371 ], [ 12.958398, 51.923896 ], [ 12.978288, 51.919798 ], [ 12.974526, 51.901006 ], [ 13.044934, 51.899207 ], [ 13.049477, 51.891894 ], [ 13.036846, 51.891321 ], [ 13.031093, 51.880676 ], [ 13.037967, 51.870606 ], [ 13.080624, 51.868598 ], [ 13.086018, 51.873853 ], [ 13.131876, 51.881637 ], [ 13.151355, 51.872123 ], [ 13.150476, 51.859554 ], [ 13.122282, 51.85221 ], [ 13.170422, 51.785261 ], [ 13.157694, 51.782905 ], [ 13.151051, 51.759697 ], [ 13.160826, 51.755836 ], [ 13.154937, 51.743402 ], [ 13.179363, 51.733748 ], [ 13.188119, 51.715521 ], [ 13.163203, 51.717994 ], [ 13.172717, 51.710541 ], [ 13.155127, 51.710116 ], [ 13.161198, 51.689264 ], [ 13.050495, 51.646322 ], [ 13.022451, 51.638954 ], [ 13.011559, 51.663519 ], [ 12.981895, 51.669673 ], [ 12.968974, 51.663705 ], [ 12.970829, 51.653764 ], [ 12.950587, 51.650678 ], [ 12.942212, 51.637397 ], [ 12.930465, 51.649383 ], [ 12.900225, 51.646538 ], [ 12.893925, 51.66558 ], [ 12.868227, 51.655419 ], [ 12.85924, 51.671827 ], [ 12.847462, 51.683805 ], [ 12.829775, 51.681535 ], [ 12.811421, 51.668486 ], [ 12.808863, 51.667648 ], [ 12.791184, 51.665372 ], [ 12.772519, 51.646929 ], [ 12.738048, 51.656732 ], [ 12.735493, 51.655892 ], [ 12.685783, 51.662437 ], [ 12.664503, 51.641339 ], [ 12.666424, 51.631403 ], [ 12.635485, 51.615916 ], [ 12.620489, 51.616252 ], [ 12.628454, 51.624167 ], [ 12.62111, 51.627029 ], [ 12.60356, 51.626521 ], [ 12.595598, 51.618604 ], [ 12.578458, 51.625277 ], [ 12.539605, 51.601846 ], [ 12.527262, 51.60481 ], [ 12.524913, 51.607559 ], [ 12.504921, 51.607988 ], [ 12.494728, 51.604608 ], [ 12.499331, 51.597316 ], [ 12.479147, 51.594148 ], [ 12.484733, 51.604821 ], [ 12.4571, 51.602706 ], [ 12.444944, 51.609254 ], [ 12.434755, 51.60587 ], [ 12.439368, 51.59858 ], [ 12.424185, 51.595298 ], [ 12.423515, 51.582723 ], [ 12.391281, 51.587882 ], [ 12.371016, 51.582898 ], [ 12.333688, 51.586346 ], [ 12.34331, 51.57896 ], [ 12.323329, 51.579358 ], [ 12.312791, 51.568776 ], [ 12.292634, 51.565576 ], [ 12.289911, 51.561133 ], [ 12.240067, 51.563896 ], [ 12.231828, 51.548767 ], [ 12.209059, 51.542905 ], [ 12.19847, 51.530517 ], [ 12.18982, 51.506402 ], [ 12.207145, 51.503379 ], [ 12.203741, 51.48456 ], [ 12.173659, 51.481527 ], [ 12.173061, 51.46895 ], [ 12.147721, 51.460427 ], [ 12.159795, 51.452112 ], [ 12.161309, 51.431403 ], [ 12.181312, 51.43283 ], [ 12.188136, 51.419215 ], [ 12.172691, 51.408713 ], [ 12.184232, 51.389615 ], [ 12.169053, 51.384503 ], [ 12.173686, 51.377224 ], [ 12.188692, 51.378742 ], [ 12.180761, 51.368999 ], [ 12.195765, 51.370516 ], [ 12.185562, 51.365313 ], [ 12.192805, 51.360681 ], [ 12.19186, 51.340917 ], [ 12.193958, 51.332785 ], [ 12.171387, 51.328711 ], [ 12.163554, 51.320764 ], [ 12.146126, 51.320187 ], [ 12.157911, 51.306482 ], [ 12.152608, 51.299387 ], [ 12.169689, 51.292776 ], [ 12.168925, 51.276605 ], [ 12.165978, 51.266768 ], [ 12.173038, 51.258544 ], [ 12.190357, 51.25732 ], [ 12.194461, 51.239259 ], [ 12.196897, 51.238314 ], [ 12.19369, 51.223088 ], [ 12.205694, 51.214768 ], [ 12.182244, 51.190932 ], [ 12.172168, 51.187524 ], [ 12.176866, 51.182041 ], [ 12.214138, 51.184035 ], [ 12.203202, 51.162661 ], [ 12.194794, 51.142138 ], [ 12.241232, 51.129562 ], [ 12.235938, 51.12247 ], [ 12.218584, 51.121903 ], [ 12.227609, 51.103746 ], [ 12.254493, 51.096932 ], [ 12.274442, 51.10014 ], [ 12.283885, 51.090962 ], [ 12.28353, 51.083775 ], [ 12.257857, 51.064494 ], [ 12.264783, 51.054467 ], [ 12.249182, 51.038584 ], [ 12.283828, 51.039706 ], [ 12.295769, 51.031376 ], [ 12.287611, 51.01625 ], [ 12.277301, 51.00746 ], [ 12.266644, 50.991482 ], [ 12.236013, 50.970495 ], [ 12.233073, 50.96066 ], [ 12.24293, 50.96047 ], [ 12.22227, 50.941084 ], [ 12.214752, 50.93853 ], [ 12.21578, 50.960093 ], [ 12.200739, 50.954984 ], [ 12.189054, 50.968695 ], [ 12.181955, 50.975123 ], [ 12.171927, 50.971715 ], [ 12.163904, 50.958376 ], [ 12.12731, 50.967147 ], [ 12.093208, 50.976761 ], [ 12.075831, 50.974376 ], [ 12.018858, 50.969089 ], [ 12.009154, 50.972854 ], [ 12.019327, 50.979871 ], [ 12.007505, 50.991766 ], [ 11.975406, 50.991418 ], [ 11.968351, 50.999631 ], [ 11.978371, 51.003057 ], [ 11.978907, 51.015636 ], [ 11.976478, 51.016577 ], [ 11.971543, 51.016661 ], [ 11.966608, 51.016745 ], [ 11.947397, 51.029658 ], [ 11.930007, 51.027251 ], [ 11.912842, 51.030233 ], [ 11.913287, 51.041015 ], [ 11.87444, 51.057834 ], [ 11.847093, 51.053777 ], [ 11.817247, 51.048854 ], [ 11.775371, 51.0522 ], [ 11.765151, 51.043364 ], [ 11.760213, 51.043439 ], [ 11.745737, 51.052649 ], [ 11.753316, 51.057031 ], [ 11.741203, 51.063507 ], [ 11.733961, 51.068111 ], [ 11.704316, 51.06855 ], [ 11.699771, 51.079406 ], [ 11.695159, 51.088464 ], [ 11.693049, 51.098385 ], [ 11.653882, 51.109738 ], [ 11.646368, 51.107148 ], [ 11.636605, 51.110882 ], [ 11.618886, 51.099443 ], [ 11.599607, 51.114095 ], [ 11.577442, 51.117095 ], [ 11.567611, 51.119027 ], [ 11.544841, 51.104048 ], [ 11.530006, 51.104244 ], [ 11.483, 51.103955 ], [ 11.463676, 51.118585 ], [ 11.461458, 51.126704 ], [ 11.464017, 51.129369 ], [ 11.452128, 51.144801 ], [ 11.47204, 51.148147 ], [ 11.485079, 51.168659 ], [ 11.475176, 51.168785 ], [ 11.470567, 51.179632 ], [ 11.46852, 51.193143 ], [ 11.453657, 51.19333 ], [ 11.438905, 51.197109 ], [ 11.448984, 51.202378 ], [ 11.444254, 51.209629 ], [ 11.45673, 51.21217 ], [ 11.451944, 51.217624 ], [ 11.434454, 51.213346 ], [ 11.391968, 51.202175 ], [ 11.3875, 51.218411 ], [ 11.372628, 51.218587 ], [ 11.367991, 51.229429 ], [ 11.388312, 51.245371 ], [ 11.400467, 51.237134 ], [ 11.418018, 51.243215 ], [ 11.438757, 51.271728 ], [ 11.453759, 51.275138 ], [ 11.45393, 51.28053 ], [ 11.456725, 51.290384 ], [ 11.471735, 51.293792 ], [ 11.467171, 51.306435 ], [ 11.413311, 51.332272 ], [ 11.430957, 51.340148 ], [ 11.401299, 51.345902 ], [ 11.39895, 51.350425 ], [ 11.394307, 51.361268 ], [ 11.389497, 51.36672 ], [ 11.394963, 51.382836 ], [ 11.360137, 51.383247 ], [ 11.357836, 51.389566 ], [ 11.347778, 51.386087 ], [ 11.332957, 51.389853 ], [ 11.321061, 51.408866 ], [ 11.273545, 51.401304 ], [ 11.253636, 51.401519 ], [ 11.243535, 51.396233 ], [ 11.246292, 51.406092 ], [ 11.224061, 51.41262 ], [ 11.201492, 51.406562 ], [ 11.186419, 51.401322 ], [ 11.174137, 51.407739 ], [ 11.161532, 51.401573 ], [ 11.141623, 51.401769 ], [ 11.121978, 51.412746 ], [ 11.102193, 51.418328 ], [ 11.05516, 51.430448 ], [ 11.044993, 51.421551 ], [ 11.005038, 51.416508 ], [ 10.992648, 51.419311 ], [ 11.010255, 51.42725 ], [ 10.980373, 51.427504 ], [ 10.98045, 51.431099 ], [ 10.968208, 51.441089 ], [ 10.973419, 51.451833 ], [ 10.963642, 51.460902 ], [ 10.971558, 51.481511 ], [ 10.95195, 51.497852 ], [ 10.942085, 51.503325 ], [ 10.929998, 51.522298 ], [ 10.937762, 51.53572 ], [ 10.947708, 51.533842 ], [ 10.910646, 51.553012 ], [ 10.898107, 51.550412 ], [ 10.900906, 51.565671 ] ] ] } },
{ "type": "Feature", "properties": { "state_id": 16, "name": "Thüringen" }, "geometry": { "type": "Polygon", "coordinates": [ [ [ 10.035865, 50.614507 ], [ 10.050557, 50.623492 ], [ 10.079922, 50.619879 ], [ 10.077505, 50.63876 ], [ 10.075067, 50.645054 ], [ 10.07507, 50.646852 ], [ 10.072625, 50.649551 ], [ 10.070189, 50.657643 ], [ 10.055506, 50.668439 ], [ 10.048162, 50.674735 ], [ 9.996708, 50.677442 ], [ 9.947717, 50.663046 ], [ 9.967329, 50.641478 ], [ 9.959995, 50.627991 ], [ 9.928173, 50.628875 ], [ 9.90857, 50.639648 ], [ 9.879203, 50.634227 ], [ 9.881558, 50.671088 ], [ 9.923169, 50.695396 ], [ 9.90844, 50.706173 ], [ 9.935386, 50.723272 ], [ 9.942722, 50.742154 ], [ 9.93043, 50.757429 ], [ 9.920606, 50.761019 ], [ 9.925504, 50.768214 ], [ 9.927947, 50.776306 ], [ 9.940228, 50.773616 ], [ 9.947587, 50.779912 ], [ 9.947597, 50.770923 ], [ 9.954955, 50.779016 ], [ 9.942655, 50.796091 ], [ 9.95738, 50.812279 ], [ 9.950003, 50.81677 ], [ 9.977029, 50.833859 ], [ 9.99424, 50.82577 ], [ 10.00899, 50.836558 ], [ 10.0262, 50.833858 ], [ 10.036042, 50.844643 ], [ 10.038509, 50.85453 ], [ 10.018832, 50.852737 ], [ 10.023757, 50.865322 ], [ 10.05576, 50.88239 ], [ 10.055769, 50.889582 ], [ 10.043462, 50.890486 ], [ 10.050858, 50.900371 ], [ 10.023782, 50.913864 ], [ 10.004081, 50.922855 ], [ 9.97453, 50.906672 ], [ 9.969601, 50.913862 ], [ 9.9893, 50.928248 ], [ 9.984371, 50.933641 ], [ 9.962197, 50.932737 ], [ 9.95728, 50.921949 ], [ 9.952348, 50.92734 ], [ 9.94987, 50.940823 ], [ 9.97451, 50.944427 ], [ 9.984369, 50.939035 ], [ 10.045971, 50.938128 ], [ 10.06323, 50.94621 ], [ 10.041055, 50.952513 ], [ 10.018889, 50.994767 ], [ 10.033703, 51.010944 ], [ 10.053451, 51.014532 ], [ 10.102793, 51.00551 ], [ 10.125019, 51.011781 ], [ 10.137308, 50.994687 ], [ 10.184193, 50.997319 ], [ 10.204002, 51.013466 ], [ 10.194152, 51.018877 ], [ 10.211434, 51.019745 ], [ 10.216405, 51.026927 ], [ 10.201608, 51.03055 ], [ 10.1844, 51.049455 ], [ 10.147365, 51.054003 ], [ 10.1375, 51.059408 ], [ 10.154833, 51.071072 ], [ 10.147468, 51.086363 ], [ 10.157392, 51.097136 ], [ 10.174751, 51.110595 ], [ 10.172308, 51.118689 ], [ 10.150048, 51.119618 ], [ 10.117938, 51.138532 ], [ 10.127856, 51.145712 ], [ 10.145174, 51.142995 ], [ 10.172429, 51.151048 ], [ 10.192075, 51.113264 ], [ 10.211903, 51.122219 ], [ 10.202055, 51.133023 ], [ 10.209523, 51.142897 ], [ 10.207133, 51.161778 ], [ 10.229474, 51.173422 ], [ 10.234492, 51.185996 ], [ 10.20727, 51.19234 ], [ 10.167706, 51.213976 ], [ 10.150334, 51.207708 ], [ 10.145412, 51.218501 ], [ 10.120621, 51.218529 ], [ 10.113186, 51.219435 ], [ 10.118172, 51.230217 ], [ 10.108232, 51.221238 ], [ 10.100797, 51.222143 ], [ 10.068571, 51.224863 ], [ 10.078519, 51.242834 ], [ 10.071079, 51.243738 ], [ 10.051248, 51.254535 ], [ 10.043815, 51.264425 ], [ 10.058708, 51.268014 ], [ 10.056239, 51.277902 ], [ 10.006595, 51.286904 ], [ 9.984252, 51.284207 ], [ 9.974322, 51.284205 ], [ 9.97183, 51.299485 ], [ 9.959407, 51.305773 ], [ 9.939537, 51.305765 ], [ 9.946971, 51.321049 ], [ 9.946965, 51.326442 ], [ 9.924555, 51.354294 ], [ 9.927034, 51.358789 ], [ 9.927009, 51.374968 ], [ 9.949389, 51.381272 ], [ 9.966793, 51.396558 ], [ 9.986702, 51.396562 ], [ 10.006613, 51.410944 ], [ 10.011594, 51.418134 ], [ 9.999145, 51.420832 ], [ 10.011595, 51.42173 ], [ 10.041475, 51.421723 ], [ 10.053935, 51.429807 ], [ 10.046472, 51.4379 ], [ 10.061412, 51.434298 ], [ 10.063882, 51.419016 ], [ 10.073841, 51.419011 ], [ 10.08383, 51.435183 ], [ 10.133646, 51.435136 ], [ 10.15106, 51.428823 ], [ 10.153559, 51.431517 ], [ 10.138649, 51.442321 ], [ 10.166061, 51.444982 ], [ 10.181044, 51.453948 ], [ 10.186079, 51.466523 ], [ 10.178605, 51.467434 ], [ 10.201121, 51.486273 ], [ 10.218546, 51.47995 ], [ 10.216006, 51.470067 ], [ 10.23345, 51.469135 ], [ 10.235947, 51.470029 ], [ 10.245985, 51.482592 ], [ 10.27345, 51.488822 ], [ 10.303409, 51.494141 ], [ 10.306042, 51.514807 ], [ 10.346031, 51.523684 ], [ 10.351119, 51.536252 ], [ 10.36614, 51.541599 ], [ 10.373725, 51.55326 ], [ 10.366256, 51.55598 ], [ 10.378824, 51.565827 ], [ 10.378959, 51.582005 ], [ 10.368993, 51.585632 ], [ 10.376512, 51.588305 ], [ 10.391476, 51.58466 ], [ 10.426545, 51.593526 ], [ 10.446487, 51.588059 ], [ 10.488826, 51.574408 ], [ 10.501249, 51.568063 ], [ 10.513586, 51.554528 ], [ 10.553542, 51.554346 ], [ 10.593778, 51.57572 ], [ 10.613813, 51.579212 ], [ 10.633577, 51.562928 ], [ 10.653506, 51.559223 ], [ 10.66627, 51.578027 ], [ 10.638875, 51.584471 ], [ 10.631565, 51.597993 ], [ 10.63159, 51.599791 ], [ 10.634203, 51.607866 ], [ 10.626888, 51.621388 ], [ 10.639658, 51.640194 ], [ 10.652206, 51.642822 ], [ 10.644789, 51.649154 ], [ 10.644866, 51.654547 ], [ 10.684909, 51.65432 ], [ 10.702219, 51.640735 ], [ 10.754803, 51.643105 ], [ 10.764902, 51.648433 ], [ 10.814787, 51.639108 ], [ 10.819499, 51.622897 ], [ 10.834669, 51.631778 ], [ 10.859717, 51.633395 ], [ 10.894313, 51.611564 ], [ 10.896831, 51.612443 ], [ 10.919425, 51.616762 ], [ 10.914279, 51.609612 ], [ 10.936651, 51.603143 ], [ 10.931393, 51.590601 ], [ 10.894066, 51.598982 ], [ 10.881237, 51.582 ], [ 10.900906, 51.565671 ], [ 10.898107, 51.550412 ], [ 10.910646, 51.553012 ], [ 10.947708, 51.533842 ], [ 10.937762, 51.53572 ], [ 10.929998, 51.522298 ], [ 10.942085, 51.503325 ], [ 10.95195, 51.497852 ], [ 10.971558, 51.481511 ], [ 10.963642, 51.460902 ], [ 10.973419, 51.451833 ], [ 10.968208, 51.441089 ], [ 10.98045, 51.431099 ], [ 10.980373, 51.427504 ], [ 11.010255, 51.42725 ], [ 10.992648, 51.419311 ], [ 11.005038, 51.416508 ], [ 11.044993, 51.421551 ], [ 11.05516, 51.430448 ], [ 11.102193, 51.418328 ], [ 11.121978, 51.412746 ], [ 11.141623, 51.401769 ], [ 11.161532, 51.401573 ], [ 11.174137, 51.407739 ], [ 11.186419, 51.401322 ], [ 11.201492, 51.406562 ], [ 11.224061, 51.41262 ], [ 11.246292, 51.406092 ], [ 11.243535, 51.396233 ], [ 11.253636, 51.401519 ], [ 11.273545, 51.401304 ], [ 11.321061, 51.408866 ], [ 11.332957, 51.389853 ], [ 11.347778, 51.386087 ], [ 11.357836, 51.389566 ], [ 11.360137, 51.383247 ], [ 11.394963, 51.382836 ], [ 11.389497, 51.36672 ], [ 11.394307, 51.361268 ], [ 11.39895, 51.350425 ], [ 11.401299, 51.345902 ], [ 11.430957, 51.340148 ], [ 11.413311, 51.332272 ], [ 11.467171, 51.306435 ], [ 11.471735, 51.293792 ], [ 11.456725, 51.290384 ], [ 11.45393, 51.28053 ], [ 11.453759, 51.275138 ], [ 11.438757, 51.271728 ], [ 11.418018, 51.243215 ], [ 11.400467, 51.237134 ], [ 11.388312, 51.245371 ], [ 11.367991, 51.229429 ], [ 11.372628, 51.218587 ], [ 11.3875, 51.218411 ], [ 11.391968, 51.202175 ], [ 11.434454, 51.213346 ], [ 11.451944, 51.217624 ], [ 11.45673, 51.21217 ], [ 11.444254, 51.209629 ], [ 11.448984, 51.202378 ], [ 11.438905, 51.197109 ], [ 11.453657, 51.19333 ], [ 11.46852, 51.193143 ], [ 11.470567, 51.179632 ], [ 11.475176, 51.168785 ], [ 11.485079, 51.168659 ], [ 11.47204, 51.148147 ], [ 11.452128, 51.144801 ], [ 11.464017, 51.129369 ], [ 11.461458, 51.126704 ], [ 11.463676, 51.118585 ], [ 11.483, 51.103955 ], [ 11.530006, 51.104244 ], [ 11.544841, 51.104048 ], [ 11.567611, 51.119027 ], [ 11.577442, 51.117095 ], [ 11.599607, 51.114095 ], [ 11.618886, 51.099443 ], [ 11.636605, 51.110882 ], [ 11.646368, 51.107148 ], [ 11.653882, 51.109738 ], [ 11.693049, 51.098385 ], [ 11.695159, 51.088464 ], [ 11.699771, 51.079406 ], [ 11.704316, 51.06855 ], [ 11.733961, 51.068111 ], [ 11.741203, 51.063507 ], [ 11.753316, 51.057031 ], [ 11.745737, 51.052649 ], [ 11.760213, 51.043439 ], [ 11.765151, 51.043364 ], [ 11.775371, 51.0522 ], [ 11.817247, 51.048854 ], [ 11.847093, 51.053777 ], [ 11.87444, 51.057834 ], [ 11.913287, 51.041015 ], [ 11.912842, 51.030233 ], [ 11.930007, 51.027251 ], [ 11.947397, 51.029658 ], [ 11.966608, 51.016745 ], [ 11.971543, 51.016661 ], [ 11.976478, 51.016577 ], [ 11.978907, 51.015636 ], [ 11.978371, 51.003057 ], [ 11.968351, 50.999631 ], [ 11.975406, 50.991418 ], [ 12.007505, 50.991766 ], [ 12.019327, 50.979871 ], [ 12.009154, 50.972854 ], [ 12.018858, 50.969089 ], [ 12.075831, 50.974376 ], [ 12.093208, 50.976761 ], [ 12.12731, 50.967147 ], [ 12.163904, 50.958376 ], [ 12.171927, 50.971715 ], [ 12.181955, 50.975123 ], [ 12.189054, 50.968695 ], [ 12.200739, 50.954984 ], [ 12.21578, 50.960093 ], [ 12.214752, 50.93853 ], [ 12.22227, 50.941084 ], [ 12.24293, 50.96047 ], [ 12.233073, 50.96066 ], [ 12.236013, 50.970495 ], [ 12.266644, 50.991482 ], [ 12.277301, 51.00746 ], [ 12.287611, 51.01625 ], [ 12.295769, 51.031376 ], [ 12.283828, 51.039706 ], [ 12.249182, 51.038584 ], [ 12.264783, 51.054467 ], [ 12.257857, 51.064494 ], [ 12.28353, 51.083775 ], [ 12.283885, 51.090962 ], [ 12.301496, 51.096909 ], [ 12.321088, 51.092922 ], [ 12.334033, 51.104353 ], [ 12.351016, 51.097716 ], [ 12.367351, 51.078499 ], [ 12.389909, 51.084331 ], [ 12.409207, 51.074939 ], [ 12.44892, 51.077705 ], [ 12.459183, 51.084683 ], [ 12.470529, 51.065556 ], [ 12.500165, 51.064921 ], [ 12.509459, 51.053928 ], [ 12.499291, 51.048752 ], [ 12.50384, 51.041459 ], [ 12.50558, 51.027931 ], [ 12.539929, 51.023586 ], [ 12.538945, 51.005621 ], [ 12.523853, 51.000554 ], [ 12.555764, 50.997157 ], [ 12.579623, 50.982238 ], [ 12.582538, 50.990268 ], [ 12.605081, 50.996059 ], [ 12.621377, 50.978603 ], [ 12.631613, 50.941495 ], [ 12.652805, 50.923922 ], [ 12.639322, 50.903544 ], [ 12.619938, 50.909381 ], [ 12.58267, 50.903923 ], [ 12.570216, 50.901503 ], [ 12.550727, 50.905532 ], [ 12.538078, 50.899514 ], [ 12.521193, 50.906179 ], [ 12.506233, 50.902907 ], [ 12.510767, 50.895613 ], [ 12.488477, 50.893397 ], [ 12.458191, 50.879655 ], [ 12.465047, 50.869616 ], [ 12.44509, 50.864644 ], [ 12.443959, 50.843083 ], [ 12.419193, 50.840007 ], [ 12.412704, 50.85723 ], [ 12.402406, 50.848451 ], [ 12.367899, 50.847365 ], [ 12.34769, 50.836985 ], [ 12.346967, 50.822611 ], [ 12.307389, 50.818012 ], [ 12.298005, 50.827193 ], [ 12.302387, 50.816314 ], [ 12.287911, 50.821997 ], [ 12.284882, 50.810366 ], [ 12.260319, 50.810849 ], [ 12.250927, 50.820026 ], [ 12.242995, 50.808489 ], [ 12.252039, 50.792126 ], [ 12.25669, 50.786639 ], [ 12.286326, 50.789653 ], [ 12.288473, 50.783315 ], [ 12.265203, 50.759493 ], [ 12.238599, 50.768106 ], [ 12.227755, 50.746732 ], [ 12.239374, 50.733018 ], [ 12.264071, 50.736133 ], [ 12.276027, 50.729602 ], [ 12.253309, 50.716558 ], [ 12.260186, 50.706531 ], [ 12.273931, 50.686476 ], [ 12.315622, 50.686545 ], [ 12.322571, 50.678311 ], [ 12.314557, 50.664982 ], [ 12.301652, 50.65175 ], [ 12.279314, 50.645899 ], [ 12.26205, 50.643541 ], [ 12.266337, 50.630866 ], [ 12.244444, 50.633993 ], [ 12.239292, 50.628697 ], [ 12.219802, 50.630874 ], [ 12.198158, 50.639383 ], [ 12.187112, 50.612614 ], [ 12.174923, 50.613744 ], [ 12.175506, 50.626323 ], [ 12.156097, 50.630286 ], [ 12.146145, 50.626875 ], [ 12.145077, 50.603512 ], [ 12.117892, 50.597721 ], [ 12.110112, 50.587971 ], [ 12.158842, 50.58347 ], [ 12.155944, 50.573632 ], [ 12.138795, 50.573053 ], [ 12.124131, 50.573324 ], [ 12.121322, 50.565282 ], [ 12.087749, 50.580286 ], [ 12.077812, 50.576869 ], [ 12.074456, 50.556245 ], [ 12.052193, 50.55035 ], [ 12.027686, 50.548986 ], [ 12.032882, 50.556089 ], [ 12.01628, 50.568072 ], [ 12.03397, 50.581249 ], [ 12.034514, 50.59383 ], [ 12.003455, 50.611461 ], [ 12.021158, 50.624641 ], [ 12.014241, 50.634654 ], [ 11.984417, 50.624381 ], [ 11.983658, 50.606409 ], [ 11.943928, 50.592698 ], [ 11.924146, 50.587636 ], [ 11.930631, 50.566844 ], [ 11.925302, 50.556142 ], [ 11.888544, 50.554054 ], [ 11.875862, 50.542571 ], [ 11.884697, 50.519046 ], [ 11.908965, 50.515048 ], [ 11.918877, 50.51848 ], [ 11.914286, 50.525751 ], [ 11.926531, 50.526446 ], [ 11.930752, 50.510188 ], [ 11.945175, 50.504549 ], [ 11.9641, 50.489838 ], [ 11.961249, 50.479995 ], [ 11.944137, 50.479386 ], [ 11.936487, 50.471422 ], [ 11.941069, 50.46415 ], [ 11.950897, 50.465782 ], [ 11.94805, 50.455939 ], [ 11.931315, 50.464315 ], [ 11.921121, 50.453695 ], [ 11.896596, 50.450506 ], [ 11.888887, 50.440741 ], [ 11.927518, 50.431105 ], [ 11.922352, 50.423997 ], [ 11.900098, 50.416275 ], [ 11.883009, 50.415657 ], [ 11.875309, 50.405891 ], [ 11.860483, 50.400737 ], [ 11.83345, 50.394878 ], [ 11.823502, 50.389641 ], [ 11.81884, 50.395111 ], [ 11.826457, 50.403083 ], [ 11.809443, 50.404252 ], [ 11.797778, 50.417924 ], [ 11.770744, 50.41205 ], [ 11.751389, 50.415945 ], [ 11.760732, 50.40501 ], [ 11.741445, 50.410701 ], [ 11.733907, 50.40452 ], [ 11.733841, 50.402723 ], [ 11.704614, 50.403161 ], [ 11.68968, 50.394389 ], [ 11.687277, 50.395324 ], [ 11.655525, 50.393089 ], [ 11.64079, 50.389704 ], [ 11.618783, 50.387319 ], [ 11.609227, 50.392849 ], [ 11.599791, 50.401974 ], [ 11.565395, 50.393456 ], [ 11.562633, 50.383603 ], [ 11.533243, 50.378604 ], [ 11.520984, 50.37607 ], [ 11.514343, 50.39684 ], [ 11.489989, 50.397159 ], [ 11.478009, 50.403608 ], [ 11.488091, 50.414268 ], [ 11.483783, 50.432308 ], [ 11.451961, 50.428219 ], [ 11.423096, 50.441169 ], [ 11.418329, 50.444825 ], [ 11.416997, 50.481707 ], [ 11.439531, 50.50031 ], [ 11.422961, 50.5176 ], [ 11.388672, 50.514423 ], [ 11.369401, 50.523646 ], [ 11.34236, 50.517671 ], [ 11.347038, 50.510423 ], [ 11.322524, 50.507111 ], [ 11.32202, 50.489134 ], [ 11.302498, 50.489357 ], [ 11.294955, 50.48135 ], [ 11.285343, 50.486853 ], [ 11.270556, 50.481623 ], [ 11.246063, 50.478295 ], [ 11.252833, 50.457541 ], [ 11.245304, 50.449531 ], [ 11.269299, 50.434882 ], [ 11.258639, 50.400831 ], [ 11.270649, 50.394405 ], [ 11.263223, 50.389991 ], [ 11.277591, 50.38084 ], [ 11.284333, 50.360084 ], [ 11.262263, 50.354035 ], [ 11.262215, 50.352237 ], [ 11.261832, 50.337855 ], [ 11.261689, 50.332461 ], [ 11.256491, 50.31993 ], [ 11.268288, 50.306313 ], [ 11.251106, 50.300207 ], [ 11.257706, 50.274059 ], [ 11.245395, 50.267899 ], [ 11.197452, 50.293588 ], [ 11.192366, 50.284649 ], [ 11.19205, 50.272064 ], [ 11.174979, 50.269543 ], [ 11.182512, 50.279357 ], [ 11.158437, 50.288595 ], [ 11.146222, 50.28602 ], [ 11.129662, 50.305067 ], [ 11.159359, 50.32635 ], [ 11.138098, 50.352639 ], [ 11.128451, 50.356331 ], [ 11.116093, 50.348359 ], [ 11.114104, 50.367261 ], [ 11.094631, 50.367448 ], [ 11.084525, 50.35136 ], [ 11.043021, 50.345452 ], [ 11.033368, 50.349136 ], [ 11.045593, 50.351722 ], [ 11.036017, 50.359002 ], [ 10.994777, 50.365661 ], [ 10.999304, 50.349438 ], [ 10.987119, 50.348644 ], [ 10.944075, 50.38677 ], [ 10.936895, 50.393123 ], [ 10.917341, 50.389684 ], [ 10.902627, 50.384406 ], [ 10.890367, 50.380007 ], [ 10.878477, 50.395383 ], [ 10.856411, 50.387458 ], [ 10.832122, 50.391234 ], [ 10.800265, 50.379772 ], [ 10.785716, 50.383469 ], [ 10.77335, 50.371865 ], [ 10.763612, 50.371931 ], [ 10.756094, 50.358494 ], [ 10.717236, 50.364138 ], [ 10.712098, 50.346189 ], [ 10.726724, 50.347895 ], [ 10.729005, 50.33799 ], [ 10.714246, 50.327294 ], [ 10.716556, 50.319188 ], [ 10.748069, 50.312693 ], [ 10.767229, 50.294584 ], [ 10.806054, 50.29072 ], [ 10.801072, 50.283562 ], [ 10.813114, 50.277184 ], [ 10.842236, 50.275175 ], [ 10.844649, 50.274258 ], [ 10.853946, 50.250811 ], [ 10.824559, 50.236641 ], [ 10.8052, 50.240375 ], [ 10.800526, 50.251198 ], [ 10.783514, 50.250417 ], [ 10.763916, 50.23976 ], [ 10.732537, 50.251654 ], [ 10.729763, 50.229193 ], [ 10.722113, 50.204965 ], [ 10.695521, 50.211424 ], [ 10.683584, 50.224983 ], [ 10.661704, 50.222415 ], [ 10.656875, 50.224241 ], [ 10.65939, 50.23052 ], [ 10.634998, 50.221667 ], [ 10.608384, 50.228106 ], [ 10.598902, 50.246138 ], [ 10.613517, 50.249657 ], [ 10.596689, 50.263232 ], [ 10.601638, 50.270399 ], [ 10.589503, 50.271362 ], [ 10.599356, 50.2821 ], [ 10.597435, 50.322569 ], [ 10.599992, 50.332445 ], [ 10.578134, 50.335255 ], [ 10.556314, 50.341657 ], [ 10.55406, 50.356952 ], [ 10.534692, 50.366035 ], [ 10.515063, 50.351739 ], [ 10.510293, 50.360751 ], [ 10.490766, 50.355442 ], [ 10.485972, 50.362655 ], [ 10.495746, 50.36621 ], [ 10.488527, 50.374332 ], [ 10.473884, 50.370798 ], [ 10.461773, 50.377141 ], [ 10.449847, 50.403261 ], [ 10.437592, 50.395217 ], [ 10.39375, 50.395376 ], [ 10.384095, 50.406197 ], [ 10.406183, 50.425001 ], [ 10.369674, 50.431418 ], [ 10.374606, 50.438594 ], [ 10.347968, 50.462952 ], [ 10.335817, 50.469281 ], [ 10.340787, 50.481853 ], [ 10.328668, 50.493576 ], [ 10.301813, 50.492751 ], [ 10.257989, 50.512636 ], [ 10.226259, 50.5154 ], [ 10.226337, 50.531582 ], [ 10.204442, 50.5523 ], [ 10.180004, 50.552341 ], [ 10.172643, 50.544261 ], [ 10.150672, 50.550585 ], [ 10.13843, 50.54251 ], [ 10.121361, 50.556014 ], [ 10.126269, 50.563201 ], [ 10.10916, 50.564117 ], [ 10.099363, 50.555136 ], [ 10.06511, 50.52819 ], [ 10.043118, 50.518312 ], [ 10.043135, 50.536292 ], [ 10.048024, 50.539886 ], [ 10.062705, 50.556061 ], [ 10.052937, 50.563258 ], [ 10.043168, 50.572252 ], [ 10.05053, 50.59832 ], [ 10.038304, 50.604618 ], [ 10.035865, 50.614507 ] ] ] } }
]
}
